,sum_exp,sum,dif,dif_low,diff_up,rr,rr_low,rr_up,pvalue,region,period,sum_exp,sum,dif,dif_low,diff_up,rr,rr_low,rr_up,pvalue,region,2
1,20340604.81,13408000,-6932604.81,-9505900.85,-4641938.374,0.661694873,0.585147013,0.742828186,0,Anhui,1,20340604.8,13408000,-6932605,-9505901,-4641938,0.66,0.59,0.74,0,Anhui,1
9,24971508.54,7856000,-17115508.54,-18688378.62,-15582455.64,0.314930778,0.295957203,0.335175667,0,Beijing,1,24971508.5,7856000,-17115509,-18688379,-15582456,0.31,0.30,0.34,0,Beijing,1
17,13631231.18,7781000,-5850231.182,-6477482.471,-5270189.176,0.571118352,0.545710255,0.596190883,0,Chongqing,1,13631231.2,7781000,-5850231,-6477483,-5270189,0.57,0.55,0.60,0,Chongqing,1
25,16618185.52,10449000,-6169185.521,-7144151.984,-5268672.996,0.629286962,0.593924273,0.664793065,0,Fujian,1,16618185.5,10449000,-6169186,-7144152,-5268673,0.63,0.59,0.66,0,Fujian,1
33,8983209.846,6014000,-2969209.846,-3441576.051,-2501913.576,0.669963008,0.636026824,0.706207296,0,Gansu,1,8983209.85,6014000,-2969210,-3441576,-2501914,0.67,0.64,0.71,0,Gansu,1
41,63527418,32620000,-30907418,-33281692.7,-28569108.53,0.513671041,0.494979699,0.53310141,0,Guangdong,1,63527418,32620000,-30907418,-33281693,-28569109,0.51,0.49,0.53,0,Guangdong,1
49,18702675.52,11090000,-7612675.523,-8334885.177,-6974846.653,0.593166541,0.570917148,0.613899482,0,Guangxi,1,18702675.5,11090000,-7612676,-8334885,-6974847,0.59,0.57,0.61,0,Guangxi,1
57,14014123.46,8624000,-5390123.461,-5960391.713,-4836760.301,0.615659712,0.591317086,0.640677038,0,Guizhou,1,14014123.5,8624000,-5390124,-5960392,-4836760,0.62,0.59,0.64,0,Guizhou,1
65,3813434.936,1990000,-1823434.936,-2079720.63,-1594013.425,0.522443596,0.488977056,0.555243456,0,Hainan,1,3813434.94,1990000,-1823435,-2079721,-1594013,0.52,0.49,0.56,0,Hainan,1
73,26721844.69,15872000,-10849844.69,-12577770.65,-9136126.949,0.594565121,0.557895535,0.63467369,0,Hebei,1,26721844.7,15872000,-10849845,-12577771,-9136127,0.59,0.56,0.63,0,Hebei,1
81,11965993.64,4398000,-7567993.638,-8219117.993,-6993727.452,0.367780284,0.348574057,0.38606963,0,Heilongjiang,1,11965993.6,4398000,-7567994,-8219118,-6993728,0.37,0.35,0.39,0,Heilongjiang,1
89,39061817.38,21820000,-17241817.38,-18432392.15,-16107211.04,0.558736851,0.542079584,0.575312538,0,Henan,1,39061817.4,21820000,-17241817,-18432392,-16107211,0.56,0.54,0.58,0,Henan,1
97,24563844.09,7722000,-16841844.09,-18829918.88,-14885276.22,0.314885264,0.290826438,0.341571445,0,Hubei,1,24563844.1,7722000,-16841844,-18829919,-14885276,0.31,0.29,0.34,0,Hubei,1
105,20090490.3,10720000,-9370490.298,-10278701.63,-8486536.435,0.533867436,0.510507759,0.558143321,0,Hunan,1,20090490.3,10720000,-9370490,-10278702,-8486536,0.53,0.51,0.56,0,Hunan,1
113,10146160.19,5177000,-4969160.194,-5487271.637,-4471146.405,0.51056618,0.485452756,0.536579755,0,Inner Mongolia,1,10146160.2,5177000,-4969160,-5487272,-4471146,0.51,0.49,0.54,0,Inner Mongolia,1
121,42790884.47,24517000,-18273884.47,-20756574.26,-15981247.79,0.573400063,0.541530043,0.605384216,0,Jiangsu,1,42790884.5,24517000,-18273884,-20756574,-15981248,0.57,0.54,0.61,0,Jiangsu,1
129,14283339,8255000,-6028339.001,-6854195.396,-5252883.384,0.578426869,0.546356031,0.611124624,0,Jiangxi,1,14283339,8255000,-6028339,-6854195,-5252883,0.58,0.55,0.61,0,Jiangxi,1
137,9977275.051,5145000,-4832275.051,-5327825.627,-4382481.78,0.515975383,0.491271428,0.540016781,0,Jilin,1,9977275.05,5145000,-4832275,-5327826,-4382482,0.52,0.49,0.54,0,Jilin,1
145,18530961.54,9708000,-8822961.537,-9741423.429,-8055504.545,0.524152857,0.499140761,0.546513832,0,Liaoning,1,18530961.5,9708000,-8822962,-9741423,-8055505,0.52,0.50,0.55,0,Liaoning,1
153,3802899.313,2112000,-1690899.313,-1906212.896,-1487242.667,0.555800485,0.525606818,0.586790111,0,Ningxia,1,3802899.31,2112000,-1690899,-1906213,-1487243,0.56,0.53,0.59,0,Ningxia,1
161,2339777.555,1812000,-527777.5554,-761035.8611,-309816.3024,0.776344839,0.704226562,0.853985333,0,Qinghai,1,2339777.56,1812000,-527778,-761036,-309816,0.78,0.70,0.85,0,Qinghai,1
169,17645439.44,8785000,-8860439.438,-9520122.898,-8240313.577,0.498026717,0.479920298,0.51599637,0,Shaanxi,1,17645439.4,8785000,-8860439,-9520123,-8240314,0.50,0.48,0.52,0,Shaanxi,1
177,43858610.32,23845000,-20013610.32,-21867195.57,-18388435.72,0.543895972,0.521633228,0.564600052,0,Shandong,1,43858610.3,23845000,-20013610,-21867196,-18388436,0.54,0.52,0.56,0,Shandong,1
185,30119252.69,12250000,-17869252.69,-19280119.7,-16439856.2,0.406968209,0.388517402,0.426980182,0,Shanghai,1,30119252.7,12250000,-17869253,-19280120,-16439856,0.41,0.39,0.43,0,Shanghai,1
193,12163358.67,6830000,-5333358.669,-6271302.633,-4384263.646,0.56237218,0.521322245,0.609045785,0,Shanxi,1,12163358.7,6830000,-5333359,-6271303,-4384264,0.56,0.52,0.61,0,Shanxi,1
201,38867182.44,23104000,-15763182.44,-17173985.29,-14383333.27,0.594636017,0.573613603,0.616314849,0,Sichuan,1,38867182.4,23104000,-15763182,-17173985,-14383333,0.59,0.57,0.62,0,Sichuan,1
209,11417807.81,4908000,-6509807.81,-6974155.559,-6052624.543,0.43005031,0.413056372,0.447784714,0,Tianjin,1,11417807.8,4908000,-6509808,-6974156,-6052625,0.43,0.41,0.45,0,Tianjin,1
217,978630.0712,750000,-228630.0712,-378776.6391,-95986.54674,0.770629266,0.664436174,0.88653893,0,Tibet,1,978630.071,750000,-228630,-378777,-95987,0.77,0.66,0.89,0,Tibet,1
225,8970831.563,5880000,-3090831.563,-3756754.865,-2475213.875,0.656368043,0.610163916,0.703752184,0,Xinjiang,1,8970831.56,5880000,-3090832,-3756755,-2475214,0.66,0.61,0.70,0,Xinjiang,1
233,20445266.4,13695000,-6750266.404,-7613431.087,-5942365.935,0.670107097,0.642703348,0.697394959,0,Yunnan,1,20445266.4,13695000,-6750266,-7613431,-5942366,0.67,0.64,0.70,0,Yunnan,1
241,51002474.19,25257000,-25745474.19,-28238348.08,-23326197.09,0.495502786,0.472134513,0.5198711,0,Zhejiang,1,51002474.2,25257000,-25745474,-28238348,-23326197,0.50,0.47,0.52,0,Zhejiang,1
249,642062388.6,339497000,-302565388.6,-322923054.3,-282051281.9,0.528899195,0.512510148,0.546211791,0,zz_Total,1,642062389,339497000,-302565389,-322923054,-282051282,0.53,0.51,0.55,0,zz_Total,1
2,40770288.84,40746000,-24288.83666,-1887458.783,1795156.931,0.999930904,0.955728231,1.046087758,0.976,Anhui,2,40770288.8,40746000,-24289,-1887459,1795157,1.00,0.96,1.05,0.976,Anhui,2
10,51015455.42,31978000,-19037455.42,-20628954.14,-17518722.56,0.626987074,0.607866403,0.646062978,0,Beijing,2,51015455.4,31978000,-19037455,-20628954,-17518723,0.63,0.61,0.65,0,Beijing,2
18,28217063.85,24839000,-3378063.849,-4048584.753,-2750056.494,0.880410234,0.859850356,0.90032075,0,Chongqing,2,28217063.8,24839000,-3378064,-4048585,-2750057,0.88,0.86,0.90,0,Chongqing,2
26,36956829.05,32167000,-4789829.052,-5899202.807,-3693514.079,0.870588673,0.84502781,0.897003315,0,Fujian,2,36956829.1,32167000,-4789829,-5899203,-3693514,0.87,0.85,0.90,0,Fujian,2
34,18017829.6,16459000,-1558829.605,-2113546.981,-974363.9215,0.913729913,0.886200477,0.944109243,0,Gansu,2,18017829.6,16459000,-1558830,-2113547,-974364,0.91,0.89,0.94,0,Gansu,2
42,141502206.7,110956000,-30546206.68,-34100659.5,-26668414.49,0.784278151,0.764914899,0.806223231,0,Guangdong,2,141502207,110956000,-30546207,-34100660,-26668414,0.78,0.76,0.81,0,Guangdong,2
50,40871782.03,33695000,-7176782.027,-8184690.555,-6203795.995,0.824536854,0.804566597,0.844511699,0,Guangxi,2,40871782,33695000,-7176782,-8184691,-6203796,0.82,0.80,0.84,0,Guangxi,2
58,29336985.11,23987000,-5349985.11,-6495879.354,-4242599.069,0.817964313,0.786900732,0.84971097,0,Guizhou,2,29336985.1,23987000,-5349985,-6495879,-4242599,0.82,0.79,0.85,0,Guizhou,2
66,7843970.408,6522000,-1321970.408,-1565139.649,-1090513.678,0.831671121,0.80646561,0.856747233,0,Hainan,2,7843970.41,6522000,-1321970,-1565140,-1090514,0.83,0.81,0.86,0,Hainan,2
74,56332396.57,49971000,-6361396.571,-8127984.264,-4561320.076,0.887295031,0.860101095,0.916355658,0,Hebei,2,56332396.6,49971000,-6361397,-8127984,-4561320,0.89,0.86,0.92,0,Hebei,2
82,23262564.63,14849000,-8413564.634,-8828150.992,-8027839.938,0.638373092,0.627144711,0.649084403,0,Heilongjiang,2,23262564.6,14849000,-8413565,-8828151,-8027840,0.64,0.63,0.65,0,Heilongjiang,2
90,80360599.94,69220000,-11140599.94,-12431571.41,-9822174.085,0.861430037,0.847748534,0.875735023,0,Henan,2,80360599.9,69220000,-11140600,-12431571,-9822174,0.86,0.85,0.88,0,Henan,2
98,53347362.27,38889000,-14458362.27,-17066698.15,-12001523.25,0.729378437,0.694996245,0.764169784,0,Hubei,2,53347362.3,38889000,-14458362,-17066698,-12001523,0.73,0.69,0.76,0,Hubei,2
106,42025739.24,35562000,-6463739.238,-7542506.497,-5424667.506,0.84633062,0.825018145,0.867648001,0,Hunan,2,42025739.2,35562000,-6463739,-7542507,-5424668,0.85,0.83,0.87,0,Hunan,2
114,19883912.09,17055000,-2828912.091,-3308326.715,-2314976.767,0.857872347,0.837535058,0.880486343,0,Inner Mongolia,2,19883912.1,17055000,-2828912,-3308327,-2314977,0.86,0.84,0.88,0,Inner Mongolia,2
122,95077892.2,80251000,-14826892.2,-17806843.91,-11883878.44,0.844280222,0.818404697,0.871016507,0,Jiangsu,2,95077892.2,80251000,-14826892,-17806844,-11883878,0.84,0.82,0.87,0,Jiangsu,2
130,29589184.4,25236000,-4353184.402,-5413383.121,-3393433.048,0.853144714,0.823377094,0.881470478,0,Jiangxi,2,29589184.4,25236000,-4353184,-5413383,-3393433,0.85,0.82,0.88,0,Jiangxi,2
138,19612676.69,14758000,-4854676.691,-5319425.531,-4383465.706,0.75258165,0.735054401,0.770996341,0,Jilin,2,19612676.7,14758000,-4854677,-5319426,-4383466,0.75,0.74,0.77,0,Jilin,2
146,37689755.87,30649000,-7040755.873,-7895250.574,-6274518.839,0.813287508,0.795163989,0.83006715,0,Liaoning,2,37689755.9,30649000,-7040756,-7895251,-6274519,0.81,0.80,0.83,0,Liaoning,2
154,7695246.668,6785000,-910246.6677,-1154088.751,-670727.625,0.881930548,0.854632088,0.910038609,0,Ningxia,2,7695246.67,6785000,-910247,-1154089,-670728,0.88,0.85,0.91,0,Ningxia,2
162,4764535.018,4456000,-308535.0181,-576355.066,-58554.40798,0.935985146,0.885470114,0.987029861,0.018,Qinghai,2,4764535.02,4456000,-308535,-576355,-58554,0.94,0.89,0.99,0.018,Qinghai,2
170,35730403.59,30034000,-5696403.588,-6190902.244,-5231703.149,0.840614691,0.829098166,0.851648977,0,Shaanxi,2,35730403.6,30034000,-5696404,-6190902,-5231703,0.84,0.83,0.85,0,Shaanxi,2
178,90256766.4,73595000,-16661766.4,-19178276.47,-14165854.96,0.815559472,0.793278009,0.838585723,0,Shandong,2,90256766.4,73595000,-16661766,-19178276,-14165855,0.82,0.79,0.84,0,Shandong,2
186,57713449.04,45136000,-12577449.04,-14636563.9,-10653685.78,0.782307484,0.75512906,0.809038434,0,Shanghai,2,57713449,45136000,-12577449,-14636564,-10653686,0.78,0.76,0.81,0,Shanghai,2
194,24661886.97,21861000,-2800886.969,-4022987.084,-1550856.25,0.887025602,0.844576222,0.933757707,0,Shanxi,2,24661887,21861000,-2800887,-4022987,-1550856,0.89,0.84,0.93,0,Shanxi,2
202,79031946.29,66579000,-12452946.29,-14301902.21,-10785325.09,0.842541534,0.82317331,0.860590463,0,Sichuan,2,79031946.3,66579000,-12452946,-14301902,-10785325,0.84,0.82,0.86,0,Sichuan,2
210,23490904.38,18063000,-5427904.382,-6106485.64,-4726978.919,0.76911066,0.747347307,0.7925852,0,Tianjin,2,23490904.4,18063000,-5427904,-6106486,-4726979,0.77,0.75,0.79,0,Tianjin,2
218,1841383.055,1952000,110616.9448,-11710.10274,229549.9603,1.061264384,0.994036872,1.133269446,0.076,Tibet,2,1841383.06,1952000,110617,-11710,229550,1.06,0.99,1.13,0.076,Tibet,2
226,17842833.44,19179000,1336166.56,657598.0745,1980023.899,1.075265069,1.035504769,1.11512453,0,Xinjiang,2,17842833.4,19179000,1336167,657598,1980024,1.08,1.04,1.12,0,Xinjiang,2
234,42902600.88,36641000,-6261600.877,-7129068.495,-5469409.124,0.854128401,0.837124575,0.870117408,0,Yunnan,2,42902600.9,36641000,-6261601,-7129069,-5469409,0.85,0.84,0.87,0,Yunnan,2
242,108514070,90225000,-18289069.96,-20956378.62,-15713014.84,0.831583284,0.811511794,0.851677279,0,Zhejiang,2,108514070,90225000,-18289070,-20956379,-15713015,0.83,0.81,0.85,0,Zhejiang,2
250,1338298266,1113608000,-224690266.2,-240422703.8,-209661771.8,0.832135857,0.822439253,0.841557802,0,zz_Total,2,1338298266,1113608000,-224690266,-240422704,-209661772,0.83,0.82,0.84,0,zz_Total,2
3,211062796,246446500,35383704.04,23539674.84,46930542.3,1.168579505,1.10560322,1.235221999,0,Anhui,3,211062796,246446500,35383704,23539675,46930542,1.17,1.11,1.24,0,Anhui,3
11,252072268.1,241972500,-10099768.14,-18285627.58,-2496498.525,0.960161112,0.929740417,0.989788083,0.01,Beijing,3,252072268,241972500,-10099768,-18285628,-2496499,0.96,0.93,0.99,0.01,Beijing,3
19,147342472.4,147059000,-283472.3551,-4360725.357,3503631.74,0.998272724,0.971201086,1.024406136,0.934,Chongqing,3,147342472,147059000,-283472,-4360725,3503632,1.00,0.97,1.02,0.934,Chongqing,3
27,179702822.9,181978000,2275177.124,-3649587.051,8107005.457,1.012953114,0.9803392,1.046626562,0.468,Fujian,3,179702823,181978000,2275177,-3649587,8107005,1.01,0.98,1.05,0.468,Fujian,3
35,93934697.12,95548000,1613302.881,-1155979.678,4292590.3,1.017420104,0.988046204,1.047039298,0.27,Gansu,3,93934697.1,95548000,1613303,-1155980,4292590,1.02,0.99,1.05,0.27,Gansu,3
43,671765483.7,681158500,9393016.292,-9733395.923,27817109.79,1.01418192,0.985911844,1.042576687,0.3,Guangdong,3,671765484,681158500,9393016,-9733396,27817110,1.01,0.99,1.04,0.3,Guangdong,3
51,202698524.2,197628500,-5070024.203,-10292259.64,202082.2499,0.975152888,0.950499126,1.001023583,0.064,Guangxi,3,202698524,197628500,-5070024,-10292260,202082,0.98,0.95,1.00,0.064,Guangxi,3
59,156393296.1,143207000,-13186296.14,-19963966.11,-6401283.446,0.916130286,0.87765001,0.957213041,0,Guizhou,3,156393296,143207000,-13186296,-19963966,-6401283,0.92,0.88,0.96,0,Guizhou,3
67,40598271.12,39692500,-905771.1226,-2965181.128,949793.8743,0.97830206,0.93048893,1.024515501,0.36,Hainan,3,40598271.1,39692500,-905771,-2965181,949794,0.98,0.93,1.02,0.36,Hainan,3
75,296250802.3,310960500,14709697.68,4351406.573,25816672.59,1.049994517,1.014192035,1.090539125,0.008,Hebei,3,296250802,310960500,14709698,4351407,25816673,1.05,1.01,1.09,0.008,Hebei,3
83,113783598,110155500,-3628097.999,-6099897.55,-935496.2362,0.968248149,0.9475302,0.991579034,0.012,Heilongjiang,3,113783598,110155500,-3628098,-6099898,-935496,0.97,0.95,0.99,0.012,Heilongjiang,3
91,412236400.6,400126500,-12109900.64,-19890539.06,-4450137.925,0.970714354,0.952643496,0.989000509,0,Henan,3,412236401,400126500,-12109901,-19890539,-4450138,0.97,0.95,0.99,0,Henan,3
99,266761987.8,250869000,-15892987.79,-30929871.62,-1766223.694,0.941102321,0.890241322,0.993008799,0.026,Hubei,3,266761988,250869000,-15892988,-30929872,-1766224,0.94,0.89,0.99,0.026,Hubei,3
107,210008667.1,206271500,-3737167.111,-10769294.46,2809598.763,0.982479253,0.950381244,1.013808984,0.264,Hunan,3,210008667,206271500,-3737167,-10769294,2809599,0.98,0.95,1.01,0.264,Hunan,3
115,102819202,103995000,1175798.028,-2339081.507,4876900.987,1.011746369,0.978002523,1.049202961,0.502,Inner Mongolia,3,102819202,103995000,1175798,-2339082,4876901,1.01,0.98,1.05,0.502,Inner Mongolia,3
123,470023585.6,460414500,-9609085.566,-26694850.52,6423999.267,0.979863557,0.945197421,1.014150075,0.246,Jiangsu,3,470023586,460414500,-9609086,-26694851,6423999,0.98,0.95,1.01,0.246,Jiangsu,3
131,153615214.8,153835000,219785.1631,-6246022.801,6137962.188,1.001869793,0.960982116,1.041557794,0.918,Jiangxi,3,153615215,153835000,219785,-6246023,6137962,1.00,0.96,1.04,0.918,Jiangxi,3
139,97360384.72,101611500,4251115.28,686199.5345,7843363.907,1.044043615,1.006799086,1.083646374,0.028,Jilin,3,97360384.7,101611500,4251115,686200,7843364,1.04,1.01,1.08,0.028,Jilin,3
147,189304154.3,188533500,-770654.2884,-5706944.235,3883711.071,0.996101697,0.97061918,1.021032849,0.758,Liaoning,3,189304154,188533500,-770654,-5706944,3883711,1.00,0.97,1.02,0.758,Liaoning,3
155,39931261.13,39350000,-581261.1256,-2097689.626,1084921.522,0.985840611,0.949389529,1.028352792,0.488,Ningxia,3,39931261.1,39350000,-581261,-2097690,1084922,0.99,0.95,1.03,0.488,Ningxia,3
163,25502447.61,29081500,3579052.389,1982604.641,4982985.75,1.14124375,1.073161827,1.206775642,0,Qinghai,3,25502447.6,29081500,3579052,1982605,4982986,1.14,1.07,1.21,0,Qinghai,3
171,187980813,178153000,-9827813.009,-12665541.53,-7093701.952,0.947777754,0.933625205,0.96170673,0,Shaanxi,3,187980813,178153000,-9827813,-12665542,-7093702,0.95,0.93,0.96,0,Shaanxi,3
179,473489617.5,443848000,-29641617.48,-43605649.05,-16733280.31,0.937595437,0.910544009,0.963669214,0,Shandong,3,473489617,443848000,-29641617,-43605649,-16733280,0.94,0.91,0.96,0,Shandong,3
187,298853010.2,283606000,-15247010.16,-25990542.91,-4845124.903,0.949298924,0.916050281,0.983202961,0,Shanghai,3,298853010,283606000,-15247010,-25990543,-4845125,0.95,0.92,0.98,0,Shanghai,3
195,129386603,128765000,-621602.9974,-8427634.329,7160907.424,0.996126788,0.9385708,1.05888706,0.878,Shanxi,3,129386603,128765000,-621603,-8427634,7160907,1.00,0.94,1.06,0.878,Shanxi,3
203,418460540.3,404233500,-14227040.33,-26019816.82,-3078200.149,0.966181198,0.939524425,0.992442643,0.01,Sichuan,3,418460540,404233500,-14227040,-26019817,-3078200,0.97,0.94,0.99,0.01,Sichuan,3
211,113625680.3,107374500,-6251180.267,-9419959.847,-3116627.408,0.94517198,0.919345833,0.971792963,0,Tianjin,3,113625680,107374500,-6251180,-9419960,-3116627,0.95,0.92,0.97,0,Tianjin,3
219,9703978.859,11087500,1383521.141,788728.3617,2051050.095,1.143823928,1.076584706,1.226975208,0,Tibet,3,9703978.86,11087500,1383521,788728,2051050,1.14,1.08,1.23,0,Tibet,3
227,90231917.27,107189000,16957082.73,13319794.2,20376325.6,1.188437042,1.141897378,1.234716023,0,Xinjiang,3,90231917.3,107189000,16957083,13319794,20376326,1.19,1.14,1.23,0,Xinjiang,3
235,225945339,219118000,-6827338.995,-12087679.58,-1840813.433,0.969918129,0.947718934,0.991668978,0.008,Yunnan,3,225945339,219118000,-6827339,-12087680,-1840813,0.97,0.95,0.99,0.008,Yunnan,3
243,553730039.6,512451000,-41279039.58,-62995441.75,-21271018.44,0.925787578,0.890527707,0.960145917,0,Zhejiang,3,553730040,512451000,-41279040,-62995442,-21271018,0.93,0.89,0.96,0,Zhejiang,3
251,6758318450,6725913000,-32405449.7,-148056887.9,82320972.82,0.995282944,0.978461225,1.012391034,0.604,zz_Total,3,6758318450,6725913000,-32405450,-148056888,82320973,1.00,0.98,1.01,0.604,zz_Total,3
4,23027470.4,24911000,1883529.604,170711.3363,3549934.387,1.083261668,1.006900135,1.16618718,0.028,Anhui,4,23027470.4,24911000,1883530,170711,3549934,1.08,1.01,1.17,0.028,Anhui,4
12,26020971.89,21114000,-4906971.893,-6094664.009,-3766156.248,0.811850818,0.77600282,0.848628112,0,Beijing,4,26020971.9,21114000,-4906972,-6094664,-3766156,0.81,0.78,0.85,0,Beijing,4
20,16081366.5,14744000,-1337366.501,-1955517.274,-757556.4011,0.917154663,0.882899773,0.951130301,0,Chongqing,4,16081366.5,14744000,-1337367,-1955517,-757556,0.92,0.88,0.95,0,Chongqing,4
28,19960002.57,17434000,-2526002.572,-3463056.431,-1614851.503,0.873919809,0.83428018,0.915225781,0,Fujian,4,19960002.6,17434000,-2526003,-3463056,-1614852,0.87,0.83,0.92,0,Fujian,4
36,9914769.279,9743000,-171769.2789,-614140.6662,272302.1678,0.983219337,0.940703648,1.02875207,0.47,Gansu,4,9914769.28,9743000,-171769,-614141,272302,0.98,0.94,1.03,0.47,Gansu,4
44,72936419.58,63874000,-9062419.58,-12102512.6,-6080543.318,0.876129443,0.840707206,0.91307865,0,Guangdong,4,72936419.6,63874000,-9062420,-12102513,-6080543,0.88,0.84,0.91,0,Guangdong,4
52,22653942.08,20154000,-2499942.08,-3307965.033,-1707876.48,0.88992544,0.859007358,0.921878779,0,Guangxi,4,22653942.1,20154000,-2499942,-3307965,-1707877,0.89,0.86,0.92,0,Guangxi,4
60,17648696.36,14214000,-3434696.357,-4363849.852,-2534009.044,0.805968505,0.765104725,0.848697962,0,Guizhou,4,17648696.4,14214000,-3434696,-4363850,-2534009,0.81,0.77,0.85,0,Guizhou,4
68,4634476.973,3793000,-841476.9728,-1136509.28,-563993.1843,0.819236756,0.769447792,0.870554495,0,Hainan,4,4634476.97,3793000,-841477,-1136509,-563993,0.82,0.77,0.87,0,Hainan,4
76,33062972.86,29106000,-3956972.858,-5501964.861,-2302597.899,0.880848988,0.841020272,0.926688932,0,Hebei,4,33062972.9,29106000,-3956973,-5501965,-2302598,0.88,0.84,0.93,0,Hebei,4
84,12287290.5,9294000,-2993290.496,-3356170.538,-2625025.787,0.756573411,0.734693653,0.779761721,0,Heilongjiang,4,12287290.5,9294000,-2993291,-3356171,-2625026,0.76,0.73,0.78,0,Heilongjiang,4
92,45755180.57,40100000,-5655180.573,-6945815.592,-4349696.907,0.876576071,0.852360609,0.902143384,0,Henan,4,45755180.6,40100000,-5655181,-6945816,-4349697,0.88,0.85,0.90,0,Henan,4
100,29797838.39,25626000,-4171838.389,-6545564.329,-1818556.971,0.861363069,0.796541937,0.933737062,0,Hubei,4,29797838.4,25626000,-4171838,-6545564,-1818557,0.86,0.80,0.93,0,Hubei,4
108,23682417.58,21130000,-2552417.581,-3538698.319,-1592372.012,0.892592474,0.856551085,0.929920521,0,Hunan,4,23682417.6,21130000,-2552418,-3538698,-1592372,0.89,0.86,0.93,0,Hunan,4
116,11427952.59,11192000,-235952.5908,-713016.7111,278404.0468,0.979832376,0.940107879,1.025509837,0.346,Inner Mongolia,4,11427952.6,11192000,-235953,-713017,278404,0.98,0.94,1.03,0.346,Inner Mongolia,4
124,50271834.75,38450000,-11821834.75,-14359108.91,-9415086.694,0.765347349,0.72809409,0.803299496,0,Jiangsu,4,50271834.7,38450000,-11821835,-14359109,-9415087,0.77,0.73,0.80,0,Jiangsu,4
132,17603393.98,15132000,-2471393.98,-3483739.277,-1523229.533,0.860278458,0.812860548,0.908543468,0,Jiangxi,4,17603394,15132000,-2471394,-3483739,-1523230,0.86,0.81,0.91,0,Jiangxi,4
140,10547744.66,5929000,-4618744.658,-5039452.348,-4197785.144,0.562333907,0.540550282,0.585477021,0,Jilin,4,10547744.7,5929000,-4618745,-5039452,-4197785,0.56,0.54,0.59,0,Jilin,4
148,20345152.06,15656000,-4689152.059,-5464644.674,-3972337.724,0.769775503,0.741265253,0.797622306,0,Liaoning,4,20345152.1,15656000,-4689152,-5464645,-3972338,0.77,0.74,0.80,0,Liaoning,4
156,4219302.019,3726000,-493302.0191,-701819.0724,-279406.2343,0.883648382,0.841497799,0.930242723,0,Ningxia,4,4219302.02,3726000,-493302,-701819,-279406,0.88,0.84,0.93,0,Ningxia,4
164,2638717.401,2255000,-383717.401,-642777.886,-172379.238,0.856313382,0.77818249,0.928985486,0,Qinghai,4,2638717.4,2255000,-383717,-642778,-172379,0.86,0.78,0.93,0,Qinghai,4
172,20729450.25,19123000,-1606450.252,-2076424.031,-1132125.666,0.922631443,0.90205281,0.944106708,0,Shaanxi,4,20729450.3,19123000,-1606450,-2076424,-1132126,0.92,0.90,0.94,0,Shaanxi,4
180,51349416.77,41252000,-10097416.77,-12661975.78,-7610344.246,0.803846028,0.765144841,0.84424932,0,Shandong,4,51349416.8,41252000,-10097417,-12661976,-7610344,0.80,0.77,0.84,0,Shandong,4
188,30623032.97,11018000,-19605032.97,-21495602,-17804342.94,0.360114107,0.338873562,0.382272885,0,Shanghai,4,30623033,11018000,-19605033,-21495602,-17804343,0.36,0.34,0.38,0,Shanghai,4
196,14603309.78,12536000,-2067309.776,-3243385.388,-913537.623,0.859818117,0.794454265,0.932076678,0.002,Shanxi,4,14603309.8,12536000,-2067310,-3243385,-913538,0.86,0.79,0.93,0.002,Shanxi,4
204,46330529.9,41204000,-5126529.901,-6847339.662,-3483018.599,0.889651324,0.857499506,0.92205749,0,Sichuan,4,46330529.9,41204000,-5126530,-6847340,-3483019,0.89,0.86,0.92,0,Sichuan,4
212,11843703.42,10128000,-1715703.42,-2233504.547,-1226126.713,0.85554146,0.819317743,0.892010479,0,Tianjin,4,11843703.4,10128000,-1715703,-2233505,-1226127,0.86,0.82,0.89,0,Tianjin,4
220,983980.8852,1047000,63019.11477,-43394.51152,163043.6338,1.067124309,0.96020302,1.184447655,0.216,Tibet,4,983980.885,1047000,63019,-43395,163044,1.07,0.96,1.18,0.216,Tibet,4
228,9202574.258,11421000,2218425.742,1667808.663,2736224.617,1.242128716,1.171001327,1.315059918,0,Xinjiang,4,9202574.26,11421000,2218426,1667809,2736225,1.24,1.17,1.32,0,Xinjiang,4
236,24369165.31,20625000,-3744165.315,-4393558.807,-3103178.772,0.846515843,0.824388014,0.869219682,0,Yunnan,4,24369165.3,20625000,-3744165,-4393559,-3103179,0.85,0.82,0.87,0,Yunnan,4
244,59604745.36,50561000,-9043745.362,-11440279.16,-6781853.171,0.848609162,0.815483175,0.881731502,0,Zhejiang,4,59604745.4,50561000,-9043745,-11440279,-6781853,0.85,0.82,0.88,0,Zhejiang,4
252,735015272.9,626487000,-108528272.9,-123920754.4,-93850947.76,0.852443786,0.834862109,0.869712615,0,zz_Total,4,735015273,626487000,-108528273,-123920754,-93850948,0.85,0.83,0.87,0,zz_Total,4
5,68490863.32,81369000,12878136.68,8331880.147,17207746.27,1.189346925,1.114077348,1.268195304,0,Anhui,5,68490863.3,81369000,12878137,8331880,17207746,1.19,1.11,1.27,0,Anhui,5
13,78506646.34,70820000,-7686646.341,-11090482.34,-4602866.548,0.902461889,0.864602405,0.938972533,0,Beijing,5,78506646.3,70820000,-7686646,-11090482,-4602867,0.90,0.86,0.94,0,Beijing,5
21,48367950.04,40122000,-8245950.043,-9785833.259,-6764440.093,0.829729976,0.803921897,0.855727155,0,Chongqing,5,48367950,40122000,-8245950,-9785833,-6764440,0.83,0.80,0.86,0,Chongqing,5
29,57811571.94,56915000,-896571.9389,-3464602.066,1780661.984,0.985003189,0.942619661,1.032296787,0.498,Fujian,5,57811571.9,56915000,-896572,-3464602,1780662,0.99,0.94,1.03,0.498,Fujian,5
37,30150245.87,24573000,-5577245.868,-7109289.005,-4170639.705,0.815508978,0.775606839,0.854902172,0,Gansu,5,30150245.9,24573000,-5577246,-7109289,-4170640,0.82,0.78,0.85,0,Gansu,5
45,210106126.7,194352000,-15754126.73,-23208466.68,-8673722.385,0.925298388,0.893324068,0.957277725,0,Guangdong,5,210106127,194352000,-15754127,-23208467,-8673722,0.93,0.89,0.96,0,Guangdong,5
53,66483194.65,60646000,-5837194.645,-7991871.964,-3848176.797,0.912426777,0.88356469,0.940332959,0,Guangxi,5,66483194.6,60646000,-5837195,-7991872,-3848177,0.91,0.88,0.94,0,Guangxi,5
61,53818076.88,41770000,-12048076.88,-15099283.56,-9008026.118,0.776794435,0.734491408,0.822599917,0,Guizhou,5,53818076.9,41770000,-12048077,-15099284,-9008026,0.78,0.73,0.82,0,Guizhou,5
69,13190859.23,10083000,-3107859.231,-3895468.386,-2385993.031,0.765064679,0.721323662,0.808645904,0,Hainan,5,13190859.2,10083000,-3107859,-3895468,-2385993,0.77,0.72,0.81,0,Hainan,5
77,99014240.53,92267000,-6747240.533,-11146112.64,-2535159.251,0.932312718,0.892217608,0.97325843,0,Hebei,5,99014240.5,92267000,-6747241,-11146113,-2535159,0.93,0.89,0.97,0,Hebei,5
85,35925399.74,32479000,-3446399.739,-4341371.652,-2520249.82,0.904222849,0.882093215,0.927991325,0,Heilongjiang,5,35925399.7,32479000,-3446400,-4341372,-2520250,0.90,0.88,0.93,0,Heilongjiang,5
93,134796645.6,114604000,-20192645.61,-23533265.92,-16827212.33,0.85034236,0.829638544,0.871969436,0,Henan,5,134796646,114604000,-20192646,-23533266,-16827212,0.85,0.83,0.87,0,Henan,5
101,90179316.74,72631000,-17548316.74,-23253606.65,-11967738.44,0.806212542,0.757483435,0.858535261,0,Hubei,5,90179316.7,72631000,-17548317,-23253607,-11967738,0.81,0.76,0.86,0,Hubei,5
109,68969159.16,65513000,-3456159.158,-6025348.57,-984801.4359,0.950215255,0.915774565,0.985190466,0.01,Hunan,5,68969159.2,65513000,-3456159,-6025349,-984801,0.95,0.92,0.99,0.01,Hunan,5
117,33144787.7,29428000,-3716787.702,-4922883.452,-2379504.087,0.888196407,0.856688311,0.925190504,0,Inner Mongolia,5,33144787.7,29428000,-3716788,-4922884,-2379504,0.89,0.86,0.93,0,Inner Mongolia,5
125,149420431.2,135210000,-14210431.23,-20053202.67,-8658784.304,0.905238616,0.870843844,0.939814721,0,Jiangsu,5,149420431,135210000,-14210431,-20053203,-8658784,0.91,0.87,0.94,0,Jiangsu,5
133,51324985.99,46895000,-4429985.988,-6873793.093,-2156085.148,0.914204215,0.872160176,0.956044123,0,Jiangxi,5,51324986,46895000,-4429986,-6873793,-2156085,0.91,0.87,0.96,0,Jiangxi,5
141,30973497.57,30836000,-137497.5738,-1540899.268,1264368.208,0.996102068,0.952407448,1.042756119,0.86,Jilin,5,30973497.6,30836000,-137498,-1540899,1264368,1.00,0.95,1.04,0.86,Jilin,5
149,60673292.54,53493000,-7180292.539,-8996431.864,-5392165.476,0.881846084,0.856032747,0.90842914,0,Liaoning,5,60673292.5,53493000,-7180293,-8996432,-5392166,0.88,0.86,0.91,0,Liaoning,5
157,12765915.04,10182000,-2583915.045,-3089276.059,-2070032.341,0.797930692,0.767220873,0.8310458,0,Ningxia,5,12765915,10182000,-2583915,-3089276,-2070032,0.80,0.77,0.83,0,Ningxia,5
165,8434382.91,6396000,-2038382.91,-2653324.632,-1454145.685,0.759223944,0.706793085,0.81476198,0,Qinghai,5,8434382.91,6396000,-2038383,-2653325,-1454146,0.76,0.71,0.81,0,Qinghai,5
173,61902736.21,51711000,-10191736.21,-11421983.01,-8966224.186,0.835446329,0.819080575,0.852230811,0,Shaanxi,5,61902736.2,51711000,-10191736,-11421983,-8966224,0.84,0.82,0.85,0,Shaanxi,5
181,155915807.5,125919000,-29996807.46,-34872944.71,-25338456.77,0.807821385,0.783117591,0.832481273,0,Shandong,5,155915807,125919000,-29996807,-34872945,-25338457,0.81,0.78,0.83,0,Shandong,5
189,94303039.66,75646000,-18657039.66,-22271229.67,-15034154.82,0.802471875,0.772550452,0.834206781,0,Shanghai,5,94303039.7,75646000,-18657040,-22271230,-15034155,0.80,0.77,0.83,0,Shanghai,5
197,43949388.24,35297000,-8652388.241,-11910640.73,-5444052.973,0.804263908,0.747696762,0.866374272,0,Shanxi,5,43949388.2,35297000,-8652388,-11910641,-5444053,0.80,0.75,0.87,0,Shanxi,5
205,138655161.1,116225000,-22430161.06,-27161565.01,-17710236.04,0.838488889,0.81057106,0.867770157,0,Sichuan,5,138655161,116225000,-22430161,-27161565,-17710236,0.84,0.81,0.87,0,Sichuan,5
213,35044053.64,31037000,-4007053.642,-5344678.552,-2720185.056,0.885987236,0.853094229,0.919419079,0,Tianjin,5,35044053.6,31037000,-4007054,-5344679,-2720185,0.89,0.85,0.92,0,Tianjin,5
221,3137774.689,2254000,-883774.6889,-1137655.628,-641056.9555,0.719476179,0.664572188,0.778568449,0,Tibet,5,3137774.69,2254000,-883775,-1137656,-641057,0.72,0.66,0.78,0,Tibet,5
229,27464018.49,22245000,-5219018.486,-6544395.866,-3900804.023,0.810460357,0.772680337,0.850805735,0,Xinjiang,5,27464018.5,22245000,-5219019,-6544396,-3900804,0.81,0.77,0.85,0,Xinjiang,5
237,75353024.98,64583000,-10770024.98,-13127254.05,-8733965.968,0.857271429,0.831074365,0.880873879,0,Yunnan,5,75353025,64583000,-10770025,-13127254,-8733966,0.86,0.83,0.88,0,Yunnan,5
245,179639198.2,162249000,-17390198.18,-25103109.03,-10104341.04,0.903597732,0.866011068,0.941374267,0,Zhejiang,5,179639198,162249000,-17390198,-25103109,-10104341,0.90,0.87,0.94,0,Zhejiang,5
253,2189580601,1987748000,-201832601.5,-241036662.9,-160518438.7,0.907906528,0.891852872,0.925280015,0,zz_Total,5,2189580601,1987748000,-201832601,-241036663,-160518439,0.91,0.89,0.93,0,zz_Total,5
6,22191558.11,22112000,-79558.10846,-5061601.207,3736245.884,1.005815217,0.813731048,1.203324911,0.974,Anhui,6,22191558.1,22112000,-79558,-5061601,3736246,1.01,0.81,1.20,0.974,Anhui,6
14,22556510.67,18166000,-4390510.669,-5995136.865,-2799162.202,0.80634279,0.751868596,0.866485103,0,Beijing,6,22556510.7,18166000,-4390511,-5995137,-2799162,0.81,0.75,0.87,0,Beijing,6
22,15367088.2,11712000,-3655088.198,-4569664.451,-2738708.879,0.762822682,0.719336793,0.810479271,0,Chongqing,6,15367088.2,11712000,-3655088,-4569665,-2738709,0.76,0.72,0.81,0,Chongqing,6
30,16868835.92,13772000,-3096835.923,-4175420.541,-2080410.028,0.817177596,0.767352613,0.868763802,0,Fujian,6,16868835.9,13772000,-3096836,-4175421,-2080410,0.82,0.77,0.87,0,Fujian,6
38,10365933.05,8542000,-1823933.052,-2461276.404,-1214889.555,0.824831705,0.776314226,0.875483929,0,Gansu,6,10365933.1,8542000,-1823933,-2461276,-1214890,0.82,0.78,0.88,0,Gansu,6
46,60747119.6,46056000,-14691119.6,-17834472.64,-11741401.88,0.758654989,0.720858652,0.796852435,0,Guangdong,6,60747119.6,46056000,-14691120,-17834473,-11741402,0.76,0.72,0.80,0,Guangdong,6
54,20035419.69,15808000,-4227419.687,-5194096.559,-3194497.076,0.789528542,0.752686761,0.831890669,0,Guangxi,6,20035419.7,15808000,-4227420,-5194097,-3194497,0.79,0.75,0.83,0,Guangxi,6
62,16933776.71,12652000,-4281776.711,-5374031.314,-3221753.511,0.747966111,0.701873852,0.797038967,0,Guizhou,6,16933776.7,12652000,-4281777,-5374031,-3221754,0.75,0.70,0.80,0,Guizhou,6
70,4191916.357,3130000,-1061916.357,-1401979.515,-729676.4726,0.748070628,0.690647431,0.810948802,0,Hainan,6,4191916.36,3130000,-1061916,-1401980,-729676,0.75,0.69,0.81,0,Hainan,6
78,31950261.31,26926000,-5024261.314,-6619725.029,-3377485.55,0.843320248,0.802665615,0.888544651,0,Hebei,6,31950261.3,26926000,-5024261,-6619725,-3377486,0.84,0.80,0.89,0,Hebei,6
86,10989122.67,11142000,152877.3337,-624441.7673,953631.1492,1.015311807,0.946930295,1.093599984,0.702,Heilongjiang,6,10989122.7,11142000,152877,-624442,953631,1.02,0.95,1.09,0.702,Heilongjiang,6
94,42391817.43,36562000,-5829817.433,-7358945.201,-4301972.171,0.862766344,0.832450209,0.894724572,0,Henan,6,42391817.4,36562000,-5829817,-7358945,-4301972,0.86,0.83,0.89,0,Henan,6
102,27235968.89,20736000,-6499968.89,-8578149.076,-4527133.857,0.762531722,0.707371718,0.820800815,0,Hubei,6,27235968.9,20736000,-6499969,-8578149,-4527134,0.76,0.71,0.82,0,Hubei,6
110,20970228.73,17758000,-3212228.735,-5070090.355,-1596122.744,0.84831052,0.777901252,0.917530673,0,Hunan,6,20970228.7,17758000,-3212229,-5070090,-1596123,0.85,0.78,0.92,0,Hunan,6
118,10442228.63,8598000,-1844228.629,-2800361.765,-811523.1114,0.825424104,0.754318929,0.913755133,0,Inner Mongolia,6,10442228.6,8598000,-1844229,-2800362,-811523,0.83,0.75,0.91,0,Inner Mongolia,6
126,47671784.62,37982000,-9689784.62,-11486882.2,-8054618.62,0.797009595,0.7677958,0.825038884,0,Jiangsu,6,47671784.6,37982000,-9689785,-11486882,-8054619,0.80,0.77,0.83,0,Jiangsu,6
134,16162024.07,13760000,-2402024.068,-3343985.617,-1546260.166,0.852042835,0.804490857,0.898978602,0,Jiangxi,6,16162024.1,13760000,-2402024,-3343986,-1546260,0.85,0.80,0.90,0,Jiangxi,6
142,9540558.587,9196000,-344558.5871,-979404.1161,235379.3006,0.96485714,0.90374789,1.026268192,0.242,Jilin,6,9540558.59,9196000,-344559,-979404,235379,0.96,0.90,1.03,0.242,Jilin,6
150,18510158.12,16070000,-2440158.119,-3974581.189,-957017.3687,0.869598879,0.801712934,0.943794254,0,Liaoning,6,18510158.1,16070000,-2440158,-3974581,-957017,0.87,0.80,0.94,0,Liaoning,6
158,4032413.943,3488000,-544413.9431,-823091.6805,-257676.5037,0.866087751,0.809075826,0.931207079,0,Ningxia,6,4032413.94,3488000,-544414,-823092,-257677,0.87,0.81,0.93,0,Ningxia,6
166,2649122.485,2082000,-567122.4852,-764831.1393,-380040.0656,0.787024858,0.731339956,0.845640179,0,Qinghai,6,2649122.49,2082000,-567122,-764831,-380040,0.79,0.73,0.85,0,Qinghai,6
174,19575022.11,15356000,-4219022.113,-5286586.52,-3149947.574,0.78509674,0.74389903,0.829787287,0,Shaanxi,6,19575022.1,15356000,-4219022,-5286587,-3149948,0.79,0.74,0.83,0,Shaanxi,6
182,49689838.52,36960000,-12729838.52,-15637349.56,-9918913.48,0.7444895,0.702697005,0.788414177,0,Shandong,6,49689838.5,36960000,-12729839,-15637350,-9918914,0.74,0.70,0.79,0,Shandong,6
190,28257127.79,19178000,-9079127.79,-11669585.68,-6602209.231,0.680180745,0.621701815,0.743903984,0,Shanghai,6,28257127.8,19178000,-9079128,-11669586,-6602209,0.68,0.62,0.74,0,Shanghai,6
198,13231782.13,10540000,-2691782.125,-4397125.682,-1051034.195,0.799844601,0.705624381,0.909323519,0,Shanxi,6,13231782.1,10540000,-2691782,-4397126,-1051034,0.80,0.71,0.91,0,Shanxi,6
206,44466010.73,35440000,-9026010.726,-11286522.81,-6939492.832,0.797518372,0.758455753,0.836253519,0,Sichuan,6,44466010.7,35440000,-9026011,-11286523,-6939493,0.80,0.76,0.84,0,Sichuan,6
214,9952273.133,8280000,-1672273.133,-2242568.068,-1136037.045,0.832622799,0.786880156,0.879350831,0,Tianjin,6,9952273.13,8280000,-1672273,-2242568,-1136037,0.83,0.79,0.88,0,Tianjin,6
222,869196.6318,1018000,148803.3682,-8936.011221,275980.2716,1.179611516,0.991298821,1.371931239,0.062,Tibet,6,869196.632,1018000,148803,-8936,275980,1.18,0.99,1.37,0.062,Tibet,6
230,8985738.415,9728000,742261.5853,207687.0623,1246064.159,1.08355807,1.021815169,1.146907993,0.006,Xinjiang,6,8985738.41,9728000,742262,207687,1246064,1.08,1.02,1.15,0.006,Xinjiang,6
238,24432814.36,18510000,-5922814.358,-7057895.342,-4796438.686,0.758008574,0.723954782,0.794201137,0,Yunnan,6,24432814.4,18510000,-5922814,-7057895,-4796439,0.76,0.72,0.79,0,Yunnan,6
246,52889570.15,41430000,-11459570.15,-16037289.31,-7179367.132,0.784749018,0.720931864,0.852304957,0,Zhejiang,6,52889570.1,41430000,-11459570,-16037289,-7179367,0.78,0.72,0.85,0,Zhejiang,6
254,664443836.5,552692000,-111751836.5,-143946003.1,-79916675.82,0.832327611,0.793370447,0.87367123,0,zz_Total,6,664443837,552692000,-111751837,-143946003,-79916676,0.83,0.79,0.87,0,zz_Total,6
7,184151944,191663500,7511555.957,-9611984.847,24090763.26,1.043092397,0.95224464,1.143763064,0.37,Anhui,7,184151944,191663500,7511556,-9611985,24090763,1.04,0.95,1.14,0.37,Anhui,7
15,194111589.9,208393000,14281410.08,4621025.337,23363342.06,1.074233895,1.022677496,1.126268099,0.004,Beijing,7,194111590,208393000,14281410,4621025,23363342,1.07,1.02,1.13,0.004,Beijing,7
23,127962094.8,112398000,-15564094.79,-21259334,-10187830.25,0.878787947,0.840941508,0.916892269,0,Chongqing,7,127962095,112398000,-15564095,-21259334,-10187830,0.88,0.84,0.92,0,Chongqing,7
31,144888380.9,147446500,2558119.106,-5123954.055,10147650.01,1.018399166,0.966415876,1.073909214,0.528,Fujian,7,144888381,147446500,2558119,-5123954,10147650,1.02,0.97,1.07,0.528,Fujian,7
39,80737719.32,78436000,-2301719.32,-6276800.326,1639305.506,0.972140146,0.925904936,1.021346049,0.292,Gansu,7,80737719.3,78436000,-2301719,-6276800,1639306,0.97,0.93,1.02,0.292,Gansu,7
47,520959050.3,528729000,7769949.743,-15314920.97,29868330.18,1.01540785,0.971849869,1.05987311,0.482,Guangdong,7,520959050,528729000,7769950,-15314921,29868330,1.02,0.97,1.06,0.482,Guangdong,7
55,172466147.2,154299500,-18166647.2,-24957272.44,-11364962.29,0.895027266,0.860773616,0.931397705,0,Guangxi,7,172466147,154299500,-18166647,-24957272,-11364962,0.90,0.86,0.93,0,Guangxi,7
63,148458118.1,120031000,-28427118.07,-37684550.39,-18867807.26,0.809362665,0.761060048,0.864161489,0,Guizhou,7,148458118,120031000,-28427118,-37684550,-18867807,0.81,0.76,0.86,0,Guizhou,7
71,37130090.47,33167500,-3962590.467,-6836945.006,-1395413.91,0.894638832,0.829095416,0.959626857,0.006,Hainan,7,37130090.5,33167500,-3962591,-6836945,-1395414,0.89,0.83,0.96,0.006,Hainan,7
79,266395024.1,250202000,-16193024.06,-31810824.06,-139988.317,0.940023876,0.887200801,0.999440813,0.046,Hebei,7,266395024,250202000,-16193024,-31810824,-139988,0.94,0.89,1.00,0.046,Hebei,7
87,94549829.92,97980000,3430170.078,311293.9812,6818937.392,1.036594471,1.003187245,1.074800988,0.032,Heilongjiang,7,94549829.9,97980000,3430170,311294,6818937,1.04,1.00,1.07,0.032,Heilongjiang,7
95,359576447.3,325467500,-34108947.31,-45349182.96,-23140755.89,0.90536266,0.877704577,0.9336196,0,Henan,7,359576447,325467500,-34108947,-45349183,-23140756,0.91,0.88,0.93,0,Henan,7
103,237873321.2,202644000,-35229321.17,-57529841.44,-14166649.34,0.853648191,0.778879228,0.934658886,0,Hubei,7,237873321,202644000,-35229321,-57529841,-14166649,0.85,0.78,0.93,0,Hubei,7
111,183376403,166372500,-17003903.02,-25732672.85,-8573516.858,0.90779855,0.866049047,0.950993378,0,Hunan,7,183376403,166372500,-17003903,-25732673,-8573517,0.91,0.87,0.95,0,Hunan,7
119,91504964.58,83717500,-7787464.583,-12150592.2,-3208483.68,0.915455237,0.873257185,0.963089476,0,Inner Mongolia,7,91504964.6,83717500,-7787465,-12150592,-3208484,0.92,0.87,0.96,0,Inner Mongolia,7
127,374440069.8,387336000,12895930.2,-9259362.062,33991640.01,1.035318057,0.976652923,1.09619976,0.272,Jiangsu,7,374440070,387336000,12895930,-9259362,33991640,1.04,0.98,1.10,0.272,Jiangsu,7
135,140887920.2,124202500,-16685420.21,-26126556.77,-8157792.323,0.88253192,0.826204214,0.938366834,0,Jiangxi,7,140887920,124202500,-16685420,-26126557,-8157792,0.88,0.83,0.94,0,Jiangxi,7
143,82034315.03,85689500,3655184.969,-975237.6555,8060640.088,1.045411364,0.988747046,1.103835611,0.126,Jilin,7,82034315,85689500,3655185,-975238,8060640,1.05,0.99,1.10,0.126,Jilin,7
151,157347035.7,158613500,1266464.326,-4780619.329,6536481.302,1.0084004,0.970741792,1.042981402,0.656,Liaoning,7,157347036,158613500,1266464,-4780619,6536481,1.01,0.97,1.04,0.656,Liaoning,7
159,33492307.42,32546500,-945807.4194,-3053320.147,1228918.111,0.972815264,0.914232149,1.039240543,0.392,Ningxia,7,33492307.4,32546500,-945807,-3053320,1228918,0.97,0.91,1.04,0.392,Ningxia,7
167,21986411.11,19180000,-2806411.11,-5019317.284,-876683.8541,0.874161063,0.792584343,0.956289702,0,Qinghai,7,21986411.1,19180000,-2806411,-5019317,-876684,0.87,0.79,0.96,0,Qinghai,7
175,168546315.1,152041000,-16505315.1,-20541247.72,-12605659.49,0.902202478,0.880977054,0.92343811,0,Shaanxi,7,168546315,152041000,-16505315,-20541248,-12605659,0.90,0.88,0.92,0,Shaanxi,7
183,416466505.5,356238000,-60228505.49,-78805685.87,-43279485.99,0.855786197,0.818855696,0.891670618,0,Shandong,7,416466505,356238000,-60228505,-78805686,-43279486,0.86,0.82,0.89,0,Shandong,7
191,245642739.2,215216000,-30426739.17,-43446579.69,-18380115.77,0.876770145,0.832033796,0.921316696,0,Shanghai,7,245642739,215216000,-30426739,-43446580,-18380116,0.88,0.83,0.92,0,Shanghai,7
199,120914237.1,106513500,-14400737.15,-25686757.93,-3312396.887,0.882930609,0.805698162,0.969839616,0.012,Shanxi,7,120914237,106513500,-14400737,-25686758,-3312397,0.88,0.81,0.97,0.012,Shanxi,7
207,378570764.2,334687000,-43883764.24,-60954891.64,-27750562.56,0.884520104,0.845934182,0.923433539,0,Sichuan,7,378570764,334687000,-43883764,-60954892,-27750563,0.88,0.85,0.92,0,Sichuan,7
215,85705991.73,89012000,3306008.269,-799617.4759,7159742.966,1.039129023,0.991096726,1.08747154,0.106,Tianjin,7,85705991.7,89012000,3306008,-799617,7159743,1.04,0.99,1.09,0.106,Tianjin,7
223,8055226.361,7960000,-95226.36139,-936366.2123,731724.4715,0.990963582,0.89474734,1.101230935,0.82,Tibet,7,8055226.36,7960000,-95226,-936366,731724,0.99,0.89,1.10,0.82,Tibet,7
231,70543443.19,99710500,29167056.81,24670156.33,33471666.4,1.414977955,1.328758609,1.50531792,0,Xinjiang,7,70543443.2,99710500,29167057,24670156,33471666,1.41,1.33,1.51,0,Xinjiang,7
239,199828982.7,169976500,-29852482.65,-37095824.3,-22910053.44,0.850890257,0.82085572,0.881225245,0,Yunnan,7,199828983,169976500,-29852483,-37095824,-22910053,0.85,0.82,0.88,0,Yunnan,7
247,463639076.5,417924500,-45714576.54,-70958451.12,-22079229.18,0.902051912,0.854855957,0.94982037,0,Zhejiang,7,463639077,417924500,-45714577,-70958451,-22079229,0.90,0.85,0.95,0,Zhejiang,7
255,5702577392,5457669000,-244908391.6,-394051684.3,-96112101.4,0.957225792,0.932660545,0.982694294,0.004,zz_Total,7,5702577392,5457669000,-244908392,-394051684,-96112101,0.96,0.93,0.98,0.004,zz_Total,7
8,579832783.5,631283000,51450216.46,12713089.03,88764905.83,1.089990312,1.0205524,1.1636165,0.014,Anhui,8,579832784,631283000,51450217,12713089,88764906,1.09,1.02,1.16,0.014,Anhui,8
16,658782508.4,610139500,-48643008.45,-73913646.26,-25127983.39,0.926476042,0.891947513,0.960445035,0,Beijing,8,658782508,610139500,-48643008,-73913646,-25127983,0.93,0.89,0.96,0,Beijing,8
24,401619719.1,364598000,-37021719.09,-50680472.78,-24552434.79,0.908074277,0.87796027,0.9369076,0,Chongqing,8,401619719,364598000,-37021719,-50680473,-24552435,0.91,0.88,0.94,0,Chongqing,8
32,480493012.4,467692500,-12800512.43,-31794389.52,5800060.128,0.973753198,0.936345906,1.01255717,0.17,Fujian,8,480493012,467692500,-12800512,-31794390,5800060,0.97,0.94,1.01,0.17,Fujian,8
40,254420927,243537000,-10883927.02,-20185343.55,-1642169.687,0.957583997,0.923459866,0.993302165,0.022,Gansu,8,254420927,243537000,-10883927,-20185344,-1642170,0.96,0.92,0.99,0.022,Gansu,8
48,1775261414,1685241500,-90019913.81,-149280280.1,-32007756.31,0.949554517,0.918627158,0.981361039,0,Guangdong,8,1775261414,1685241500,-90019914,-149280280,-32007756,0.95,0.92,0.98,0,Guangdong,8
56,552100572.7,501401000,-50699572.73,-67441494.63,-33510880.91,0.908384403,0.881440829,0.937352521,0,Guangxi,8,552100573,501401000,-50699573,-67441495,-33510881,0.91,0.88,0.94,0,Guangxi,8
64,443786722.7,370551000,-73235722.72,-95572775.99,-50498676.03,0.835543356,0.794962668,0.880064811,0,Guizhou,8,443786723,370551000,-73235723,-95572776,-50498676,0.84,0.79,0.88,0,Guizhou,8
72,115045044.4,99960000,-15085044.39,-21719757.78,-9070445.556,0.869603431,0.82150066,0.916808161,0,Hainan,8,115045044,99960000,-15085044,-21719758,-9070446,0.87,0.82,0.92,0,Hainan,8
80,818130756.8,787692500,-30438256.75,-66277709.27,5890058.977,0.963256603,0.922388739,1.007533951,0.086,Hebei,8,818130757,787692500,-30438257,-66277709,5890059,0.96,0.92,1.01,0.086,Hebei,8
88,301904522,284946500,-16958021.98,-24432710.99,-8575732.641,0.944008434,0.921026656,0.970783376,0,Heilongjiang,8,301904522,284946500,-16958022,-24432711,-8575733,0.94,0.92,0.97,0,Heilongjiang,8
96,1125873833,1024756000,-101117833,-126540212.7,-75247353.31,0.910310041,0.89008892,0.931593524,0,Henan,8,1125873833,1024756000,-101117833,-126540213,-75247353,0.91,0.89,0.93,0,Henan,8
104,739668038.3,629515000,-110153038.3,-160393372.4,-62998325.55,0.852000798,0.796946872,0.909029446,0,Hubei,8,739668038,629515000,-110153038,-160393372,-62998326,0.85,0.80,0.91,0,Hubei,8
112,574351512.9,531390000,-42961512.89,-64897782.76,-21801677.5,0.925542206,0.891163676,0.960589289,0,Hunan,8,574351513,531390000,-42961513,-64897783,-21801678,0.93,0.89,0.96,0,Hunan,8
120,282984019.7,262992500,-19991519.66,-31283650.2,-8150913.529,0.929737273,0.893692879,0.969938738,0,Inner Mongolia,8,282984020,262992500,-19991520,-31283650,-8150914,0.93,0.89,0.97,0,Inner Mongolia,8
128,1254112330,1185875500,-68236829.87,-122433658.4,-16019010.18,0.946011887,0.906418406,0.986671867,0.002,Jiangsu,8,1254112330,1185875500,-68236830,-122433658,-16019010,0.95,0.91,0.99,0.002,Jiangsu,8
136,429527083.9,393416500,-36110583.85,-57894580.64,-15926001.07,0.916495682,0.871719132,0.961093703,0,Jiangxi,8,429527084,393416500,-36110584,-57894581,-15926001,0.92,0.87,0.96,0,Jiangxi,8
144,260573936.6,257164000,-3409936.63,-14548178.91,7568416.083,0.98738635,0.946457394,1.030322717,0.56,Jilin,8,260573937,257164000,-3409937,-14548179,7568416,0.99,0.95,1.03,0.56,Jilin,8
152,505859060.2,480175000,-25684060.23,-41408392.92,-10834772.35,0.949449236,0.920610226,0.977933693,0,Liaoning,8,505859060,480175000,-25684060,-41408393,-10834772,0.95,0.92,0.98,0,Liaoning,8
160,108172102.8,99803500,-8368602.834,-13239687.94,-3132954.485,0.923169606,0.882879395,0.969564232,0,Ningxia,8,108172103,99803500,-8368603,-13239688,-3132955,0.92,0.88,0.97,0,Ningxia,8
168,69435205.32,66298500,-3136705.317,-8378833.385,1358072.919,0.955907492,0.887799511,1.020912596,0.174,Qinghai,8,69435205.3,66298500,-3136705,-8378833,1358073,0.96,0.89,1.02,0.174,Qinghai,8
176,519660322.7,462409000,-57251322.73,-66740505.18,-47869811,0.889909136,0.873872121,0.906188911,0,Shaanxi,8,519660323,462409000,-57251323,-66740505,-47869811,0.89,0.87,0.91,0,Shaanxi,8
184,1297744159,1120668000,-177076159.4,-222442855,-134738638.7,0.863806532,0.834382356,0.892673312,0,Shandong,8,1297744159,1120668000,-177076159,-222442855,-134738639,0.86,0.83,0.89,0,Shandong,8
192,797635732.1,673367000,-124268732.1,-158183981,-92278961.55,0.844594936,0.809772363,0.879475681,0,Shanghai,8,797635732,673367000,-124268732,-158183981,-92278962,0.84,0.81,0.88,0,Shanghai,8
200,362575754.8,326781500,-35794254.82,-62845553.28,-9668134.64,0.902531211,0.838703316,0.971264244,0.006,Shanxi,8,362575755,326781500,-35794255,-62845553,-9668135,0.90,0.84,0.97,0.006,Shanxi,8
208,1161507467,1038226500,-123280966.9,-161676193.3,-86785873.6,0.894106525,0.865258922,0.922857851,0,Sichuan,8,1161507467,1038226500,-123280967,-161676193,-86785874,0.89,0.87,0.92,0,Sichuan,8
216,294118312.9,273335500,-20782812.92,-31071562.84,-10840374.98,0.929611621,0.897927589,0.961853294,0,Tianjin,8,294118313,273335500,-20782813,-31071563,-10840375,0.93,0.90,0.96,0,Tianjin,8
224,25912103.55,26327500,415396.4513,-1541757.277,2533124.768,1.017638166,0.944678925,1.106458982,0.66,Tibet,8,25912103.5,26327500,415396,-1541757,2533125,1.02,0.94,1.11,0.66,Tibet,8
232,238356965.1,279524500,41167534.93,29768387.4,52208343.96,1.173425637,1.119189879,1.229672828,0,Xinjiang,8,238356965,279524500,41167535,29768387,52208344,1.17,1.12,1.23,0,Xinjiang,8
240,621056614.1,552821500,-68235114.12,-85197392.64,-51512246.2,0.89030142,0.866465723,0.914761924,0,Yunnan,8,621056614,552821500,-68235114,-85197393,-51512246,0.89,0.87,0.91,0,Yunnan,8
248,1508829928,1320668500,-188161427.8,-252524493,-127208778.4,0.875686146,0.839482834,0.912141188,0,Zhejiang,8,1508829928,1320668500,-188161428,-252524493,-127208778,0.88,0.84,0.91,0,Zhejiang,8
256,18285476667,17071636000,-1213840667,-1576463269,-864184816.2,0.933713764,0.915462523,0.951817945,0,zz_Total,8,18285000000,17072000000,-1214000000,-1576000000,-864184816,0.93,0.92,0.95,0,zz_Total,8
,,,,,,,,,,,,,,,,,,,,,,
,,,,,,,,,,,,,,,,,,,,,,
,,,,,,,,,,,,,,,,,,,,,,
,,,,,,,,,,,,,,,,,,,,,,
,,,,,,,,,,,,,,,,,,,,,,
,,,,,,,,,,,,,,,,,,,,,,
,,,,,,,,,,,,,,,,,,,,,,
,,,,,,,,,,,,,,,,,,,,,,
,,,,,,,,,,,,,,,,,,,,,,
,,,,,,,,,,,,,,,,,,,,,,
,,,,,,,,,,,,,,,,,,,,,,
,,,,,,,,,,,,,,,,,,,,,,
,,,,,,,,,,,,,,,,,,,,,,
,,,,,,,,,,,,,,,,,,,,,,
,,,,,,,,,,,,,,,,,,,,,,
,,,,,,,,,,,,,,,,,,,,,,
,,,,,,,,,,,,,,,,,,,,,,
,,,,,,,,,,,,,,,,,,,,,,
,,,,,,,,,,,,,,,,,,,,,,
,,,,,,,,,,,,,,,,,,,,,,
,,,,,,,,,,,,,,,,,,,,,,
,,,,,,,,,,,,,,,,,,,,,,
,,,,,,,,,,,,,,,,,,,,,,
,,,,,,,,,,,,,,,,,,,,,,
,,,,,,,,,,,,,,,,,,,,,,
,,,,,,,,,,,,,,,,,,,,,,
,,,,,,,,,,,,,,,,,,,,,,
,,,,,,,,,,,,,,,,,,,,,,
,,,,,,,,,,,,,,,,,,,,,,
,,,,,,,,,,,,,,,,,,,,,,
,,,,,,,,,,,,,,,,,,,,,,
,,,,,,,,,,,,,,,,,,,,,,
,,,,,,,,,,,,,,,,,,,,,,
,,,,,,,,,,,,,,,,,,,,,,
,,,,,,,,,,,,,,,,,,,,,,
,,,,,,,,,,,,,,,,,,,,,,
,,,,,,,,,,,,,,,,,,,,,,
,,,,,,,,,,,,,,,,,,,,,,
,,,,,,,,,,,,,,,,,,,,,,
,,,,,,,,,,,,,,,,,,,,,,
,,,,,,,,,,,,,,,,,,,,,,
,,,,,,,,,,,,,,,,,,,,,,
,,,,,,,,,,,,,,,,,,,,,,
,,,,,,,,,,,,,,,,,,,,,,
,,,,,,,,,,,,,,,,,,,,,,
,,,,,,,,,,,,,,,,,,,,,,
,,,,,,,,,,,,,,,,,,,,,,
,,,,,,,,,,,,,,,,,,,,,,
,,,,,,,,,,,,,,,,,,,,,,
,,,,,,,,,,,,,,,,,,,,,,
,,,,,,,,,,,,,,,,,,,,,,
,,,,,,,,,,,,,,,,,,,,,,
,,,,,,,,,,,,,,,,,,,,,,
,,,,,,,,,,,,,,,,,,,,,,
,,,,,,,,,,,,,,,,,,,,,,
,,,,,,,,,,,,,,,,,,,,,,
,,,,,,,,,,,,,,,,,,,,,,
,,,,,,,,,,,,,,,,,,,,,,
,,,,,,,,,,,,,,,,,,,,,,
,,,,,,,,,,,,,,,,,,,,,,
,,,,,,,,,,,,,,,,,,,,,,
,,,,,,,,,,,,,,,,,,,,,,
,,,,,,,,,,,,,,,,,,,,,,
,,,,,,,,,,,,,,,,,,,,,,
,,,,,,,,,,,,,,,,,,,,,,
,,,,,,,,,,,,,,,,,,,,,,
,,,,,,,,,,,,,,,,,,,,,,
,,,,,,,,,,,,,,,,,,,,,,
,,,,,,,,,,,,,,,,,,,,,,
,,,,,,,,,,,,,,,,,,,,,,
,,,,,,,,,,,,,,,,,,,,,,
,,,,,,,,,,,,,,,,,,,,,,
,,,,,,,,,,,,,,,,,,,,,,
,,,,,,,,,,,,,,,,,,,,,,
,,,,,,,,,,,,,,,,,,,,,,
,,,,,,,,,,,,,,,,,,,,,,
,,,,,,,,,,,,,,,,,,,,,,
,,,,,,,,,,,,,,,,,,,,,,
,,,,,,,,,,,,,,,,,,,,,,
,,,,,,,,,,,,,,,,,,,,,,
,,,,,,,,,,,,,,,,,,,,,,
,,,,,,,,,,,,,,,,,,,,,,
,,,,,,,,,,,,,,,,,,,,,,
,,,,,,,,,,,,,,,,,,,,,,
,,,,,,,,,,,,,,,,,,,,,,
,,,,,,,,,,,,,,,,,,,,,,
,,,,,,,,,,,,,,,,,,,,,,
,,,,,,,,,,,,,,,,,,,,,,
,,,,,,,,,,,,,,,,,,,,,,
,,,,,,,,,,,,,,,,,,,,,,
,,,,,,,,,,,,,,,,,,,,,,
,,,,,,,,,,,,,,,,,,,,,,
,,,,,,,,,,,,,,,,,,,,,,
,,,,,,,,,,,,,,,,,,,,,,
,,,,,,,,,,,,,,,,,,,,,,
,,,,,,,,,,,,,,,,,,,,,,
,,,,,,,,,,,,,,,,,,,,,,
,,,,,,,,,,,,,,,,,,,,,,
,,,,,,,,,,,,,,,,,,,,,,
,,,,,,,,,,,,,,,,,,,,,,