region,period,period_name,out,out_exp,ratio_out,inp,inp_exp,ratio_in
Taiwan,1,Feb 2020 to Mar 2020: Wave 1 peak,,,,,,
Beijing,1,Feb 2020 to Mar 2020: Wave 1 peak,785.6,2490.964499,0.315379846,16.4,63.25175688,0.259281336
Tianjin,1,Feb 2020 to Mar 2020: Wave 1 peak,490.8,1115.264857,0.440074837,10.8,26.53876993,0.406951793
Hebei,1,Feb 2020 to Mar 2020: Wave 1 peak,1587.2,2760.970296,0.574870364,100.8,191.3016101,0.526916631
Shanxi,1,Feb 2020 to Mar 2020: Wave 1 peak,683,1273.926421,0.536137715,42.4,88.20739522,0.48068532
Neimenggu,1,Feb 2020 to Mar 2020: Wave 1 peak,517.7,1010.371436,0.512385823,28.8,69.87569019,0.412160508
Liaoning,1,Feb 2020 to Mar 2020: Wave 1 peak,970.8,1844.353759,0.526363229,60.6,125.3928802,0.483281028
Jilin,1,Feb 2020 to Mar 2020: Wave 1 peak,514.5,971.8444249,0.529405723,33.5,66.27563016,0.505464828
Heilongjiang,1,Feb 2020 to Mar 2020: Wave 1 peak,439.8,1195.572833,0.367857137,31.8,100.1045599,0.317667847
Shanghai,1,Feb 2020 to Mar 2020: Wave 1 peak,1225,3014.751137,0.406335364,31.4,75.97227107,0.413308692
Jiangsu,1,Feb 2020 to Mar 2020: Wave 1 peak,2451.7,4433.956343,0.552937334,120.2,198.4579714,0.605669801
Zhejiang,1,Feb 2020 to Mar 2020: Wave 1 peak,2525.7,5212.301131,0.48456525,95,166.9978132,0.568869725
Anhui,1,Feb 2020 to Mar 2020: Wave 1 peak,1340.8,2164.71702,0.619388117,91,160.5087321,0.566947348
Fujian,1,Feb 2020 to Mar 2020: Wave 1 peak,1044.9,1725.694229,0.605495448,55.2,79.05854177,0.698216774
Jiangxi,1,Feb 2020 to Mar 2020: Wave 1 peak,825.5,1390.494207,0.593673814,66.5,108.4278676,0.613310964
Shandong,1,Feb 2020 to Mar 2020: Wave 1 peak,2384.5,4521.04765,0.527422001,154.2,282.4511542,0.545935103
Henan,1,Feb 2020 to Mar 2020: Wave 1 peak,2182,3814.442672,0.572036386,157.1,279.4698862,0.5621357
Hubei,1,Feb 2020 to Mar 2020: Wave 1 peak,772.2,2548.826762,0.302962921,52.2,168.4213435,0.309936965
Hunan,1,Feb 2020 to Mar 2020: Wave 1 peak,1072,1983.43629,0.540476145,114.3,191.9177709,0.595567568
Guangdong,1,Feb 2020 to Mar 2020: Wave 1 peak,3262,6337.76004,0.514692885,133.7,239.9765304,0.557137816
Guangxi,1,Feb 2020 to Mar 2020: Wave 1 peak,1109,1902.712988,0.582851963,76.7,109.1635733,0.70261533
Hainan,1,Feb 2020 to Mar 2020: Wave 1 peak,199,383.453606,0.518967606,11.2,18.50154463,0.605354862
Chongqing,1,Feb 2020 to Mar 2020: Wave 1 peak,778.1,1363.97817,0.570463675,51.5,94.20506214,0.546679752
Sichuan,1,Feb 2020 to Mar 2020: Wave 1 peak,2310.4,3871.8479,0.596717655,151.5,248.1059081,0.61062633
Guizhou,1,Feb 2020 to Mar 2020: Wave 1 peak,862.4,1455.327879,0.59258124,81,124.4217467,0.651011597
Yunnan,1,Feb 2020 to Mar 2020: Wave 1 peak,1369.5,2107.229845,0.649905374,101.6,150.5752126,0.674745851
Tibet,1,Feb 2020 to Mar 2020: Wave 1 peak,75,87.3831357,0.858289181,3,3.962849763,0.75703097
Shaanxi,1,Feb 2020 to Mar 2020: Wave 1 peak,878.5,1740.232972,0.504817466,64,132.9926359,0.481229653
Gansu,1,Feb 2020 to Mar 2020: Wave 1 peak,601.4,904.9130185,0.664594262,43.6,69.85474813,0.624152276
Qinghai,1,Feb 2020 to Mar 2020: Wave 1 peak,181.2,223.8363793,0.809519885,12.4,16.40377978,0.75592334
Ningxia,1,Feb 2020 to Mar 2020: Wave 1 peak,211.2,370.5354873,0.569985891,10.1,19.6206366,0.514764134
Xinjiang,1,Feb 2020 to Mar 2020: Wave 1 peak,588,873.0769951,0.673480121,44.3,71.94379041,0.615758493
Taiwan,2,April  2020-Jul 2020: Revovery period,,,,,,
Beijing,2,April  2020-Jul 2020: Revovery period,3197.8,5068.050682,0.63097238,69.4,135.4338508,0.512427282
Tianjin,2,April  2020-Jul 2020: Revovery period,1806.3,2297.712874,0.786129555,42.4,55.70988214,0.761085796
Hebei,2,April  2020-Jul 2020: Revovery period,4997.1,5766.678161,0.866547406,296.1,392.5563328,0.754286647
Shanxi,2,April  2020-Jul 2020: Revovery period,2186.1,2671.141367,0.818414191,133.3,182.3229858,0.731120102
Neimenggu,2,April  2020-Jul 2020: Revovery period,1705.5,2014.644244,0.846551447,90.8,138.1375975,0.657315616
Liaoning,2,April  2020-Jul 2020: Revovery period,3064.9,3801.92382,0.806144506,177.3,252.7273784,0.701546469
Jilin,2,April  2020-Jul 2020: Revovery period,1475.8,1924.822865,0.766719903,86.9,134.8893765,0.644231608
Heilongjiang,2,April  2020-Jul 2020: Revovery period,1484.9,2339.677885,0.634660014,84.3,197.08938,0.427724721
Shanghai,2,April  2020-Jul 2020: Revovery period,4513.6,5750.918163,0.784848588,126.7,161.5363909,0.784343387
Jiangsu,2,April  2020-Jul 2020: Revovery period,8025.1,9744.840098,0.823523005,373.6,428.3227563,0.872239438
Zhejiang,2,April  2020-Jul 2020: Revovery period,9022.5,11314.53775,0.797425418,296.4,369.5960702,0.801956579
Anhui,2,April  2020-Jul 2020: Revovery period,4074.6,4050.446867,1.005963079,273.2,299.5615966,0.911999412
Fujian,2,April  2020-Jul 2020: Revovery period,3216.7,3817.674735,0.842580949,155.2,178.4881472,0.869525526
Jiangxi,2,April  2020-Jul 2020: Revovery period,2523.6,2925.101753,0.862739218,196.2,231.421002,0.847805507
Shandong,2,April  2020-Jul 2020: Revovery period,7359.5,9435.899125,0.779946871,451.5,575.3754894,0.784704959
Henan,2,April  2020-Jul 2020: Revovery period,6922,7928.282406,0.873076872,486.5,575.0379806,0.846031073
Hubei,2,April  2020-Jul 2020: Revovery period,3888.9,5601.930648,0.694207095,221.5,366.7126745,0.60401512
Hunan,2,April  2020-Jul 2020: Revovery period,3556.2,4233.976776,0.839919581,348.8,409.0141347,0.852782265
Guangdong,2,April  2020-Jul 2020: Revovery period,11095.6,14033.27593,0.790663567,420.6,552.4007322,0.76140377
Guangxi,2,April  2020-Jul 2020: Revovery period,3369.5,4169.121583,0.808203823,214.8,243.5748119,0.881864583
Hainan,2,April  2020-Jul 2020: Revovery period,652.2,786.1770071,0.82958417,34,40.08083032,0.84828582
Chongqing,2,April  2020-Jul 2020: Revovery period,2483.9,2816.66389,0.881858857,155.3,193.0968427,0.804259655
Sichuan,2,April  2020-Jul 2020: Revovery period,6657.9,7874.468871,0.845504644,423.3,502.0130457,0.843205179
Guizhou,2,April  2020-Jul 2020: Revovery period,2398.7,3099.656034,0.773860058,209,265.6001581,0.786897122
Yunnan,2,April  2020-Jul 2020: Revovery period,3664.1,4393.783263,0.833928253,261,314.9556045,0.828688222
Tibet,2,April  2020-Jul 2020: Revovery period,195.2,180.0252702,1.084292221,7.3,7.767417227,0.93982334
Shaanxi,2,April  2020-Jul 2020: Revovery period,3003.4,3580.004355,0.838937527,202.6,269.5873042,0.75151907
Gansu,2,April  2020-Jul 2020: Revovery period,1645.9,1855.859946,0.886866492,119.1,140.3177079,0.848788095
Qinghai,2,April  2020-Jul 2020: Revovery period,445.6,461.2954661,0.965975243,31.4,32.16147999,0.976323229
Ningxia,2,April  2020-Jul 2020: Revovery period,678.5,760.739063,0.891895833,33.9,37.86298827,0.895333452
Xinjiang,2,April  2020-Jul 2020: Revovery period,1917.9,1761.458914,1.088813361,143.9,136.878617,1.05129642
Taiwan,3,Aug 2020 - Feb 2022: Low COVID-19,,,,,,
Beijing,3,Aug 2020 - Feb 2022: Low COVID-19,24197.25,25179.93143,0.960973626,542,715.2589953,0.757767471
Tianjin,3,Aug 2020 - Feb 2022: Low COVID-19,10737.45,11222.88064,0.956746343,253.05,282.6506926,0.89527465
Hebei,3,Aug 2020 - Feb 2022: Low COVID-19,31096.05,30422.59737,1.022136592,1492.4,2082.71527,0.716564583
Shanxi,3,Aug 2020 - Feb 2022: Low COVID-19,12876.5,14299.91569,0.900459854,653.7,990.0089314,0.660297073
Neimenggu,3,Aug 2020 - Feb 2022: Low COVID-19,10399.5,10552.37431,0.985512805,459.25,752.8819124,0.609989419
Liaoning,3,Aug 2020 - Feb 2022: Low COVID-19,18853.35,19421.49024,0.970746826,939.7,1308.793978,0.717989245
Jilin,3,Aug 2020 - Feb 2022: Low COVID-19,10161.15,9638.352733,1.05424135,524.15,678.6722173,0.772316866
Heilongjiang,3,Aug 2020 - Feb 2022: Low COVID-19,11015.55,11733.07372,0.938846057,672.3,1016.832295,0.661170975
Shanghai,3,Aug 2020 - Feb 2022: Low COVID-19,28360.6,30281.01963,0.936580087,698.3,862.6519134,0.809480613
Jiangsu,3,Aug 2020 - Feb 2022: Low COVID-19,46041.45,47981.93257,0.959558057,1956.85,2159.880592,0.905999159
Zhejiang,3,Aug 2020 - Feb 2022: Low COVID-19,51245.1,57852.21921,0.885793159,1652.55,1945.796292,0.849292399
Anhui,3,Aug 2020 - Feb 2022: Low COVID-19,24644.65,20648.50735,1.193531793,1416,1559.660236,0.907890044
Fujian,3,Aug 2020 - Feb 2022: Low COVID-19,18197.8,18539.37832,0.981575525,802.3,877.8768529,0.913909505
Jiangxi,3,Aug 2020 - Feb 2022: Low COVID-19,15383.5,15217.61046,1.010901156,1046.6,1200.700755,0.871657651
Shandong,3,Aug 2020 - Feb 2022: Low COVID-19,44384.8,49919.59869,0.889125737,2460.95,3083.212604,0.798177199
Henan,3,Aug 2020 - Feb 2022: Low COVID-19,40012.65,40802.72598,0.980636686,2496.1,3085.139098,0.80907211
Hubei,3,Aug 2020 - Feb 2022: Low COVID-19,25086.9,28221.47697,0.888929379,1452,1831.39336,0.792838956
Hunan,3,Aug 2020 - Feb 2022: Low COVID-19,20627.15,21416.66158,0.963135637,1751.3,2110.352802,0.829861243
Guangdong,3,Aug 2020 - Feb 2022: Low COVID-19,68115.85,66184.93874,1.029174481,2326.1,2777.751751,0.837403846
Guangxi,3,Aug 2020 - Feb 2022: Low COVID-19,19762.85,20687.35939,0.955310421,1134.9,1227.216436,0.92477575
Hainan,3,Aug 2020 - Feb 2022: Low COVID-19,3969.25,4042.723182,0.981825819,184.2,207.253188,0.888767993
Chongqing,3,Aug 2020 - Feb 2022: Low COVID-19,14705.9,14749.51845,0.99704272,830.2,1028.183331,0.807443551
Sichuan,3,Aug 2020 - Feb 2022: Low COVID-19,40423.35,41775.00544,0.967644398,2235.15,2682.979245,0.833085088
Guizhou,3,Aug 2020 - Feb 2022: Low COVID-19,14320.7,16689.05124,0.858089522,1115.95,1424.459859,0.78341976
Yunnan,3,Aug 2020 - Feb 2022: Low COVID-19,21911.8,23392.0481,0.93672003,1343.35,1720.102938,0.780970702
Tibet,3,Aug 2020 - Feb 2022: Low COVID-19,1108.75,949.6626891,1.167519808,41.75,42.38960252,0.984911335
Shaanxi,3,Aug 2020 - Feb 2022: Low COVID-19,17815.3,18875.5627,0.943828816,1051.1,1464.154099,0.717888917
Gansu,3,Aug 2020 - Feb 2022: Low COVID-19,9554.8,9697.943422,0.985239817,577.15,756.1726122,0.763251658
Qinghai,3,Aug 2020 - Feb 2022: Low COVID-19,2908.15,2457.840388,1.183213529,160.75,177.3228099,0.906538759
Ningxia,3,Aug 2020 - Feb 2022: Low COVID-19,3935,3927.614331,1.001880447,169.25,200.4008459,0.844557313
Xinjiang,3,Aug 2020 - Feb 2022: Low COVID-19,10718.9,8780.843061,1.220714221,641.05,685.5276165,0.935119147
Taiwan,4,Mar 2022- May 2022: Shanghai Outbreak,,,,,,
Beijing,4,Mar 2022- May 2022: Shanghai Outbreak,2111.4,2576.462039,0.81949587,51,80.06378591,0.636992111
Tianjin,4,Mar 2022- May 2022: Shanghai Outbreak,1012.8,1147.762765,0.882412316,26.8,30.69424844,0.873127747
Hebei,4,Mar 2022- May 2022: Shanghai Outbreak,2910.6,3425.573919,0.849667842,138.2,238.0123679,0.580642095
Shanxi,4,Mar 2022- May 2022: Shanghai Outbreak,1253.6,1645.741865,0.761723346,63.4,116.9956778,0.541900361
Neimenggu,4,Mar 2022- May 2022: Shanghai Outbreak,1119.2,1165.603569,0.960189236,50.1,89.6453171,0.558869126
Liaoning,4,Mar 2022- May 2022: Shanghai Outbreak,1565.6,2060.235796,0.759913017,79.4,146.272626,0.542822004
Jilin,4,Mar 2022- May 2022: Shanghai Outbreak,592.9,1025.126149,0.578367843,31.8,77.54544157,0.410082132
Heilongjiang,4,Mar 2022- May 2022: Shanghai Outbreak,929.4,1236.070547,0.751898831,66.1,114.6576042,0.576499051
Shanghai,4,Mar 2022- May 2022: Shanghai Outbreak,1101.8,3046.277642,0.361687321,20.3,95.36515943,0.212866
Jiangsu,4,Mar 2022- May 2022: Shanghai Outbreak,3845,5214.76941,0.737328863,172.9,235.7595412,0.733374349
Zhejiang,4,Mar 2022- May 2022: Shanghai Outbreak,5056.1,6342.275748,0.797205956,166.1,215.0137782,0.772508633
Anhui,4,Mar 2022- May 2022: Shanghai Outbreak,2491.1,2269.18385,1.09779558,120.5,173.9770234,0.692620196
Fujian,4,Mar 2022- May 2022: Shanghai Outbreak,1743.4,2070.541261,0.842002057,78.4,99.18043066,0.79047852
Jiangxi,4,Mar 2022- May 2022: Shanghai Outbreak,1513.2,1730.742849,0.87430666,94.2,137.2746887,0.686215361
Shandong,4,Mar 2022- May 2022: Shanghai Outbreak,4125.2,5527.767919,0.746268668,222.4,339.925956,0.65426013
Henan,4,Mar 2022- May 2022: Shanghai Outbreak,4010,4480.502054,0.894988988,233.9,349.5842248,0.669080535
Hubei,4,Mar 2022- May 2022: Shanghai Outbreak,2562.6,3198.528686,0.801180872,155.3,208.0940282,0.746297245
Hunan,4,Mar 2022- May 2022: Shanghai Outbreak,2113,2398.617542,0.8809241,162.7,237.0464834,0.686363272
Guangdong,4,Mar 2022- May 2022: Shanghai Outbreak,6387.4,7202.221503,0.886865254,241.2,309.4839075,0.779362009
Guangxi,4,Mar 2022- May 2022: Shanghai Outbreak,2015.4,2329.663406,0.865103514,118.1,136.8617563,0.862914544
Hainan,4,Mar 2022- May 2022: Shanghai Outbreak,379.3,464.4747871,0.81662129,18,23.28742767,0.772949261
Chongqing,4,Mar 2022- May 2022: Shanghai Outbreak,1474.4,1608.632899,0.916554672,86.1,113.118394,0.76114942
Sichuan,4,Mar 2022- May 2022: Shanghai Outbreak,4120.4,4619.562611,0.891945915,227.4,291.8030347,0.779292786
Guizhou,4,Mar 2022- May 2022: Shanghai Outbreak,1421.4,1905.60533,0.745904715,113.4,160.3743921,0.707095431
Yunnan,4,Mar 2022- May 2022: Shanghai Outbreak,2062.5,2516.404465,0.819621817,125.6,186.931301,0.671904595
Tibet,4,Mar 2022- May 2022: Shanghai Outbreak,104.7,94.68038088,1.105825716,4.1,4.354586512,0.941536008
Shaanxi,4,Mar 2022- May 2022: Shanghai Outbreak,1912.3,2078.109108,0.920211548,115.8,163.8617799,0.706693166
Gansu,4,Mar 2022- May 2022: Shanghai Outbreak,974.3,1033.13113,0.943055506,57.7,82.90834194,0.695949269
Qinghai,4,Mar 2022- May 2022: Shanghai Outbreak,225.5,249.8497558,0.902542407,12.8,18.56907848,0.689317998
Ningxia,4,Mar 2022- May 2022: Shanghai Outbreak,372.6,415.7668326,0.896175382,16.6,21.16636887,0.784263003
Xinjiang,4,Mar 2022- May 2022: Shanghai Outbreak,1142.1,907.6021513,1.25837075,77.7,72.30916338,1.074552607
Taiwan,5,Jun 2022-Nov 2022: Omicron wave,,,,,,
Beijing,5,Jun 2022-Nov 2022: Omicron wave,7082,7803.959787,0.907488018,174.7,240.1250233,0.72753767
Tianjin,5,Jun 2022-Nov 2022: Omicron wave,3103.7,3400.359299,0.912756484,87.6,88.25035609,0.992630556
Hebei,5,Jun 2022-Nov 2022: Omicron wave,9226.7,10157.00954,0.908407142,460.9,681.9092037,0.675896435
Shanxi,5,Jun 2022-Nov 2022: Omicron wave,3529.7,4937.282293,0.714907472,201.5,331.8856999,0.607136734
Neimenggu,5,Jun 2022-Nov 2022: Omicron wave,2942.8,3400.632918,0.865368321,134,244.0667204,0.549030199
Liaoning,5,Jun 2022-Nov 2022: Omicron wave,5349.3,6192.773934,0.863797073,308.8,410.0209884,0.753132178
Jilin,5,Jun 2022-Nov 2022: Omicron wave,3083.6,2995.42767,1.02943564,160.6,211.8829494,0.757965662
Heilongjiang,5,Jun 2022-Nov 2022: Omicron wave,3247.9,3636.091036,0.893239462,232.5,317.2349562,0.732895274
Shanghai,5,Jun 2022-Nov 2022: Omicron wave,7564.6,9566.707187,0.79072139,201.8,292.8391638,0.689115477
Jiangsu,5,Jun 2022-Nov 2022: Omicron wave,13521,15352.25333,0.880717619,638.7,689.79915,0.925921698
Zhejiang,5,Jun 2022-Nov 2022: Omicron wave,16224.9,19262.97309,0.84228431,561.3,663.0445436,0.84654946
Anhui,5,Jun 2022-Nov 2022: Omicron wave,8136.9,6724.016006,1.210125019,436.5,505.9835168,0.862676323
Fujian,5,Jun 2022-Nov 2022: Omicron wave,5691.5,6076.477799,0.936644581,267.4,291.8967545,0.916077332
Jiangxi,5,Jun 2022-Nov 2022: Omicron wave,4689.5,5073.504274,0.924311826,318.6,398.6344637,0.799228439
Shandong,5,Jun 2022-Nov 2022: Omicron wave,12591.9,16596.44969,0.758710461,773.6,993.4504004,0.778700174
Henan,5,Jun 2022-Nov 2022: Omicron wave,11460.4,13211.1598,0.867478721,731.9,1005.893241,0.727612007
Hubei,5,Jun 2022-Nov 2022: Omicron wave,7263.1,9695.965471,0.749084763,470.8,616.3131655,0.76389736
Hunan,5,Jun 2022-Nov 2022: Omicron wave,6551.3,7030.374514,0.931856473,523,693.1918395,0.754480896
Guangdong,5,Jun 2022-Nov 2022: Omicron wave,19435.2,20737.89704,0.93718278,760.7,928.3284605,0.819429795
Guangxi,5,Jun 2022-Nov 2022: Omicron wave,6064.6,6851.526352,0.885145833,380.2,410.2359251,0.926783777
Hainan,5,Jun 2022-Nov 2022: Omicron wave,1008.3,1327.244429,0.759694279,52.9,69.21743453,0.764258317
Chongqing,5,Jun 2022-Nov 2022: Omicron wave,4012.2,4846.901289,0.827786613,252.8,333.7240124,0.757512167
Sichuan,5,Jun 2022-Nov 2022: Omicron wave,11622.5,13814.90813,0.841301288,681.2,871.6440722,0.781511653
Guizhou,5,Jun 2022-Nov 2022: Omicron wave,4177,5852.287549,0.713737998,341,488.2497678,0.698413031
Yunnan,5,Jun 2022-Nov 2022: Omicron wave,6458.3,7824.393479,0.825405831,415.9,587.63205,0.707755814
Tibet,5,Jun 2022-Nov 2022: Omicron wave,225.4,307.1608303,0.733817524,8.6,13.33992261,0.644681401
Shaanxi,5,Jun 2022-Nov 2022: Omicron wave,5171.1,6211.063194,0.832562774,340.5,477.5585302,0.713001608
Gansu,5,Jun 2022-Nov 2022: Omicron wave,2457.3,3121.146132,0.787306937,154.4,242.5019704,0.636695858
Qinghai,5,Jun 2022-Nov 2022: Omicron wave,639.6,810.5094897,0.789133265,38,56.87962171,0.66807758
Ningxia,5,Jun 2022-Nov 2022: Omicron wave,1018.2,1258.004937,0.809376792,47.9,61.1672095,0.783099317
Xinjiang,5,Jun 2022-Nov 2022: Omicron wave,2224.5,2658.774202,0.836663752,156.3,196.1736062,0.796743267
Taiwan,6,Dec 2022-Jan 2023: Zero-COVID Lifting,,,,,,
Beijing,6,Dec 2022-Jan 2023: Zero-COVID Lifting,1816.6,2302.14154,0.789091361,47.2,77.30473187,0.610570645
Tianjin,6,Dec 2022-Jan 2023: Zero-COVID Lifting,828,998.7601312,0.829027886,25.8,28.67861449,0.89962505
Hebei,6,Dec 2022-Jan 2023: Zero-COVID Lifting,2692.6,3325.571573,0.809665329,165.6,243.2010033,0.680918243
Shanxi,6,Dec 2022-Jan 2023: Zero-COVID Lifting,1054,1588.133454,0.663672185,61.6,119.8563231,0.513948688
Neimenggu,6,Dec 2022-Jan 2023: Zero-COVID Lifting,859.8,1126.949933,0.762944275,49.2,89.53470439,0.549507594
Liaoning,6,Dec 2022-Jan 2023: Zero-COVID Lifting,1607,1989.610846,0.807695637,97.4,139.531607,0.698049726
Jilin,6,Dec 2022-Jan 2023: Zero-COVID Lifting,919.6,954.30361,0.963634624,55.4,69.8994932,0.792566548
Heilongjiang,6,Dec 2022-Jan 2023: Zero-COVID Lifting,1114.2,1151.869408,0.967297154,83,108.8108337,0.762791693
Shanghai,6,Dec 2022-Jan 2023: Zero-COVID Lifting,1917.8,2973.162637,0.645037031,51,92.53197221,0.551160845
Jiangsu,6,Dec 2022-Jan 2023: Zero-COVID Lifting,3798.2,4839.808967,0.784783041,191.6,231.8439672,0.82641788
Zhejiang,6,Dec 2022-Jan 2023: Zero-COVID Lifting,4143,5899.506951,0.702262076,150,214.4895217,0.699334862
Anhui,6,Dec 2022-Jan 2023: Zero-COVID Lifting,2211.2,1877.428324,1.177781315,159,151.3508176,1.050539419
Fujian,6,Dec 2022-Jan 2023: Zero-COVID Lifting,1377.2,1768.647067,0.778674291,69,87.87433101,0.785212237
Jiangxi,6,Dec 2022-Jan 2023: Zero-COVID Lifting,1376,1636.64909,0.840742227,116.6,137.5130113,0.847919763
Shandong,6,Dec 2022-Jan 2023: Zero-COVID Lifting,3696,5499.229198,0.672094191,257.6,356.8024054,0.721968227
Henan,6,Dec 2022-Jan 2023: Zero-COVID Lifting,3656.2,4286.490348,0.852958879,290.4,362.9357811,0.800141554
Hubei,6,Dec 2022-Jan 2023: Zero-COVID Lifting,2073.6,3062.296677,0.677138834,155.2,199.7614871,0.776926535
Hunan,6,Dec 2022-Jan 2023: Zero-COVID Lifting,1775.8,2242.979451,0.791714788,180.8,233.2477692,0.77514139
Guangdong,6,Dec 2022-Jan 2023: Zero-COVID Lifting,4605.6,6051.898446,0.761017397,213.2,287.8055512,0.740777928
Guangxi,6,Dec 2022-Jan 2023: Zero-COVID Lifting,1580.8,2089.733928,0.756459939,125.8,131.0265211,0.960110968
Hainan,6,Dec 2022-Jan 2023: Zero-COVID Lifting,313,423.5495514,0.738992637,17.4,22.58908342,0.770283578
Chongqing,6,Dec 2022-Jan 2023: Zero-COVID Lifting,1171.2,1552.457504,0.754416786,88.6,117.0967253,0.756639434
Sichuan,6,Dec 2022-Jan 2023: Zero-COVID Lifting,3544,4485.715591,0.790063464,255.2,299.0995958,0.853227499
Guizhou,6,Dec 2022-Jan 2023: Zero-COVID Lifting,1265.2,1850.071491,0.683865465,119.4,162.7909796,0.733455873
Yunnan,6,Dec 2022-Jan 2023: Zero-COVID Lifting,1851,2508.29604,0.737951171,128.2,195.3030001,0.656415928
Tibet,6,Dec 2022-Jan 2023: Zero-COVID Lifting,101.8,96.81243547,1.051517809,3.6,4.680854248,0.769090386
Shaanxi,6,Dec 2022-Jan 2023: Zero-COVID Lifting,1535.6,2034.393302,0.75481963,112.4,170.0083256,0.661144092
Gansu,6,Dec 2022-Jan 2023: Zero-COVID Lifting,854.2,1092.732951,0.781709748,70.4,92.17553082,0.76376018
Qinghai,6,Dec 2022-Jan 2023: Zero-COVID Lifting,208.2,258.561865,0.805223152,15,20.20186026,0.742505878
Ningxia,6,Dec 2022-Jan 2023: Zero-COVID Lifting,348.8,408.180996,0.854522879,19.2,22.05858324,0.870409481
Xinjiang,6,Dec 2022-Jan 2023: Zero-COVID Lifting,972.8,875.2849551,1.111409484,84.2,70.98853213,1.186107072
Taiwan,7,Feb 2023-Apr 2024: Post Zero-COVID,,,,,,
Beijing,7,Feb 2023-Apr 2024: Post Zero-COVID,20839.3,19304.37325,1.079511867,558.7,650.1706557,0.859312851
Tianjin,7,Feb 2023-Apr 2024: Post Zero-COVID,8901.2,8280.84654,1.074914256,278,230.4748736,1.206205239
Hebei,7,Feb 2023-Apr 2024: Post Zero-COVID,25020.2,27781.27527,0.900613804,1421.1,1941.686605,0.73188948
Shanxi,7,Feb 2023-Apr 2024: Post Zero-COVID,10651.35,13930.44406,0.764609509,617.1,982.6065496,0.628023496
Neimenggu,7,Feb 2023-Apr 2024: Post Zero-COVID,8371.75,9427.829536,0.88798275,466.65,740.3294375,0.630327495
Liaoning,7,Feb 2023-Apr 2024: Post Zero-COVID,15861.35,16127.04232,0.983525043,934.4,1124.729865,0.830777264
Jilin,7,Feb 2023-Apr 2024: Post Zero-COVID,8568.95,7935.363016,1.079843478,515.9,584.1167621,0.883213826
Heilongjiang,7,Feb 2023-Apr 2024: Post Zero-COVID,9798,9671.832723,1.013044816,783.7,904.2478802,0.86668713
Shanghai,7,Feb 2023-Apr 2024: Post Zero-COVID,21521.6,24803.81342,0.867673032,664.6,787.0204903,0.844450695
Jiangsu,7,Feb 2023-Apr 2024: Post Zero-COVID,38733.6,38919.33993,0.995227567,1802.45,1792.342777,1.005639113
Zhejiang,7,Feb 2023-Apr 2024: Post Zero-COVID,41792.45,49879.52753,0.8378678,1548.7,1747.584106,0.88619483
Anhui,7,Feb 2023-Apr 2024: Post Zero-COVID,19166.35,18180.97678,1.054198035,1277.95,1408.312791,0.907433354
Fujian,7,Feb 2023-Apr 2024: Post Zero-COVID,14744.65,15336.27318,0.961423276,748.95,744.6613025,1.005759259
Jiangxi,7,Feb 2023-Apr 2024: Post Zero-COVID,12420.25,13855.61263,0.89640569,930.25,1107.840195,0.83969692
Shandong,7,Feb 2023-Apr 2024: Post Zero-COVID,35623.8,45144.54831,0.789105248,2403.9,2758.705219,0.871387049
Henan,7,Feb 2023-Apr 2024: Post Zero-COVID,32546.75,35242.25093,0.923515075,2362.3,2850.671988,0.828681802
Hubei,7,Feb 2023-Apr 2024: Post Zero-COVID,20264.4,25984.72956,0.77985803,1398.15,1668.419963,0.838008434
Hunan,7,Feb 2023-Apr 2024: Post Zero-COVID,16637.25,18756.1245,0.88703026,1435.1,1886.346847,0.760782675
Guangdong,7,Feb 2023-Apr 2024: Post Zero-COVID,52872.9,51325.74395,1.03014386,2139.75,2383.319348,0.897802471
Guangxi,7,Feb 2023-Apr 2024: Post Zero-COVID,15429.95,17931.13081,0.86051182,1068.45,1074.392857,0.994468637
Hainan,7,Feb 2023-Apr 2024: Post Zero-COVID,3316.75,3700.588283,0.896276415,166.35,187.3769678,0.887782538
Chongqing,7,Feb 2023-Apr 2024: Post Zero-COVID,11239.8,12899.10993,0.871362447,756.7,919.0299206,0.823368188
Sichuan,7,Feb 2023-Apr 2024: Post Zero-COVID,33468.7,37769.44973,0.886131523,2114.6,2392.136384,0.883979699
Guizhou,7,Feb 2023-Apr 2024: Post Zero-COVID,12003.1,16257.79744,0.738298041,1007.05,1354.037137,0.743738833
Yunnan,7,Feb 2023-Apr 2024: Post Zero-COVID,16997.65,20949.86074,0.811349069,1171.6,1614.339825,0.725745584
Tibet,7,Feb 2023-Apr 2024: Post Zero-COVID,796,766.6172424,1.038327807,34.55,35.54931736,0.971889267
Shaanxi,7,Feb 2023-Apr 2024: Post Zero-COVID,15204.1,16911.02571,0.89906433,1065.7,1354.987968,0.786501449
Gansu,7,Feb 2023-Apr 2024: Post Zero-COVID,7843.6,8468.572548,0.926200957,606.8,696.4333511,0.871296584
Qinghai,7,Feb 2023-Apr 2024: Post Zero-COVID,1918,2082.208379,0.921137394,137.95,156.0563643,0.883975483
Ningxia,7,Feb 2023-Apr 2024: Post Zero-COVID,3254.65,3280.700383,0.992059506,164,166.5839211,0.984488773
Xinjiang,7,Feb 2023-Apr 2024: Post Zero-COVID,9971.05,6790.546654,1.46837221,786.75,524.9962988,1.498581993
Taiwan,8,Jan 2020-Apr 2024,,,,,,
Beijing,8,Jan 2020-Apr 2024,61013.95,65764.07033,0.927770281,1486.5,1990.787839,0.746689311
Tianjin,8,Jan 2020-Apr 2024,27333.55,28939.91296,0.944493166,737.45,755.5486692,0.976045661
Hebei,8,Jan 2020-Apr 2024,78769.25,84909.14313,0.927688669,4157.4,5864.824804,0.70887028
Shanxi,8,Jan 2020-Apr 2024,32678.15,40907.471,0.798830854,1804.4,2854.590426,0.632104691
Neimenggu,8,Jan 2020-Apr 2024,26299.25,29145.78976,0.902334444,1302.9,2156.870189,0.604069734
Liaoning,8,Jan 2020-Apr 2024,48017.5,52290.39982,0.918285195,2646,3565.648949,0.742080905
Jilin,8,Jan 2020-Apr 2024,25716.4,25866.4297,0.99419983,1435.35,1852.770471,0.774704704
Heilongjiang,8,Jan 2020-Apr 2024,28494.65,31475.79513,0.905287694,1996.3,2803.303119,0.712124203
Shanghai,8,Jan 2020-Apr 2024,67336.7,80703.27133,0.83437386,1825.4,2402.199601,0.759886897
Jiangsu,8,Jan 2020-Apr 2024,118587.55,128644.9026,0.921820823,5354.1,5837.897217,0.917128172
Zhejiang,8,Jan 2020-Apr 2024,132066.85,158136.871,0.835142679,4543.85,5405.540151,0.840591296
Anhui,8,Jan 2020-Apr 2024,63128.3,56643.59151,1.114482651,3841.35,4317.717048,0.889671546
Fujian,8,Jan 2020-Apr 2024,46769.25,50078.84752,0.933912267,2214.45,2395.368996,0.924471346
Jiangxi,8,Jan 2020-Apr 2024,39341.65,42466.97524,0.926405749,2816.95,3375.460479,0.834537989
Shandong,8,Jan 2020-Apr 2024,112066.8,138786.8681,0.80747409,6851.85,8533.343947,0.802950173
Henan,8,Jan 2020-Apr 2024,102475.6,111534.0009,0.918783502,6887.6,8649.449829,0.796304983
Hubei,8,Jan 2020-Apr 2024,62951.5,79501.25613,0.791830256,3978.65,5138.436391,0.774291963
Hunan,8,Jan 2020-Apr 2024,53139,58981.16907,0.900948571,4599,5854.756832,0.785515117
Guangdong,8,Jan 2020-Apr 2024,168524.15,174634.7032,0.965009514,6346.15,7595.129725,0.835555182
Guangxi,8,Jan 2020-Apr 2024,50140.1,56808.42944,0.882617254,3170.35,3385.44081,0.936465937
Hainan,8,Jan 2020-Apr 2024,9996,11291.89051,0.885237064,492.15,577.0911171,0.852811602
Chongqing,8,Jan 2020-Apr 2024,36459.8,40450.37157,0.901346479,2263.7,2844.817872,0.795727566
Sichuan,8,Jan 2020-Apr 2024,103822.65,115945.0095,0.895447337,6202.25,7406.818863,0.837370282
Guizhou,8,Jan 2020-Apr 2024,37055.1,47756.19965,0.775922294,3041.3,4040.068957,0.752784181
Yunnan,8,Jan 2020-Apr 2024,55282.15,64664.47649,0.854907563,3610.35,4841.827255,0.745658573
Tibet,8,Jan 2020-Apr 2024,2632.75,2524.163995,1.043018601,104.8,113.9905382,0.919374552
Shaanxi,8,Jan 2020-Apr 2024,46240.9,52225.60387,0.885406708,3008.3,4097.969792,0.734095211
Gansu,8,Jan 2020-Apr 2024,24353.7,26625.08888,0.914689904,1664.45,2117.127929,0.786183006
Qinghai,8,Jan 2020-Apr 2024,6629.85,6651.222807,0.996786635,416.8,485.6508314,0.858229767
Ningxia,8,Jan 2020-Apr 2024,9980.35,10595.7232,0.941922492,470.55,538.5866887,0.87367551
Xinjiang,8,Jan 2020-Apr 2024,27952.45,23058.71688,1.212229203,1971.9,1793.863158,1.099247728
Hong Kong,1,Feb 2020 to Mar 2020: Wave 1 peak,,,,,,
Hong Kong,1,April  2020-Jul 2020: Revovery period,,,,,,
Hong Kong,1,Aug 2020 - Feb 2022: Low COVID-19,,,,,,
Hong Kong,1,Mar 2022- May 2022: Shanghai Outbreak,,,,,,
Hong Kong,1,Jun 2022-Nov 2022: Omicron wave,,,,,,
Hong Kong,1,Dec 2022-Jan 2023: Zero-COVID Lifting,,,,,,
Hong Kong,1,Feb 2023-Apr 2024: Post Zero-COVID,,,,,,
Hong Kong,1,Jan 2020-Apr 2024,,,,,,