,sum_exp,sum,dif,dif_low,diff_up,rr,rr_low,rr_up,pvalue,region,period
1,1467210.907,910000,-557210.907,-701663.9359,-421089.0766,0.619681046,0.564633849,0.683650716,0,Anhui,1
9,624000.421,164000,-460000.421,-473717.7639,-446252.4502,0.262906523,0.25716706,0.26874124,0,Beijing,1
17,916981.9932,515000,-401981.9932,-431828.8452,-372181.2917,0.561909496,0.543920905,0.580490152,0,Chongqing,1
25,752388.5792,552000,-200388.5792,-246818.678,-156894.0906,0.734546142,0.691020397,0.778677678,0,Fujian,1
33,700268.0376,436000,-264268.0376,-318201.5073,-216399.4469,0.623194552,0.578094841,0.668302225,0,Gansu,1
41,2360041.857,1337000,-1023041.857,-1094883.458,-954697.9791,0.566416823,0.549779641,0.583410214,0,Guangdong,1
49,1102217.572,767000,-335217.5723,-366433.0536,-303507.866,0.695671022,0.676705164,0.716482363,0,Guangxi,1
57,1188813.353,810000,-378813.3527,-438079.3895,-325847.1194,0.682099702,0.648997212,0.71312414,0,Guizhou,1
65,182575.0081,112000,-70575.00805,-80248.25624,-61609.86004,0.613555756,0.582580057,0.64512465,0,Hainan,1
73,1742187.051,1008000,-734187.0512,-886255.3135,-594706.2299,0.579542671,0.532135237,0.628936221,0,Hebei,1
81,976919.1038,318000,-658919.1038,-688965.0962,-629533.164,0.325479055,0.31580042,0.335608308,0,Heilongjiang,1
89,2797184.077,1571000,-1226184.077,-1340223.262,-1119643.674,0.561685538,0.5396357,0.583875158,0,Henan,1
97,1606996.84,522000,-1084996.84,-1194993.086,-981144.9375,0.324597516,0.304019862,0.347271904,0,Hubei,1
105,1916155.679,1143000,-773155.6788,-847308.3109,-701585.9768,0.596473576,0.57428289,0.61965125,0,Hunan,1
113,651573.8706,288000,-363573.8706,-408205.9053,-319685.8123,0.442379802,0.413670726,0.473929121,0,Inner Mongolia,1
121,1926995.944,1202000,-724995.9444,-878924.0881,-571254.2446,0.623777209,0.577628012,0.67784979,0,Jiangsu,1
129,1090570.391,665000,-425570.3911,-481514.0422,-375561.0051,0.610120197,0.580019067,0.639078354,0,Jiangxi,1
137,660180.6515,335000,-325180.6515,-341937.6919,-308996.2664,0.507515191,0.49487568,0.520189356,0,Jilin,1
145,1181808.931,606000,-575808.9311,-642280.3761,-510202.0923,0.512965344,0.485467858,0.542912445,0,Liaoning,1
153,201254.7362,101000,-100254.7362,-117088.1638,-83873.9387,0.50192669,0.463115459,0.546318214,0,Ningxia,1
161,171062.103,124000,-47062.103,-65016.12425,-30404.54213,0.726389502,0.656028995,0.803085201,0,Qinghai,1
169,1287904.317,640000,-647904.3166,-710994.2053,-586632.4109,0.497500293,0.473725201,0.521753706,0,Shaanxi,1
177,2681944.546,1542000,-1139944.546,-1247101.399,-1033629.199,0.574484692,0.552866239,0.598688664,0,Shandong,1
185,776204.6358,314000,-462204.6358,-491024.0521,-434203.3475,0.404590953,0.390050458,0.419672007,0,Shanghai,1
193,847908.8382,424000,-423908.8382,-487886.7809,-356294.0987,0.500457496,0.46497001,0.543384866,0,Shanxi,1
201,2453311.333,1515000,-938311.3327,-994557.7888,-886144.5211,0.617815242,0.603692016,0.630949111,0,Sichuan,1
209,266754.6542,108000,-158754.6542,-165490.5565,-152231.4735,0.404846864,0.394894806,0.415015135,0,Tianjin,1
217,41979.87824,30000,-11979.87824,-16898.95407,-7614.294797,0.715574295,0.639673117,0.79756912,0,Tibet,1
225,734949.2612,443000,-291949.2612,-338206.7108,-244621.2927,0.602635508,0.567071423,0.644249976,0,Xinjiang,1
233,1454316.647,1016000,-438316.6466,-498450.7797,-387430.8233,0.699333922,0.670870269,0.723940206,0,Yunnan,1
241,1617728.441,950000,-667728.4405,-717656.657,-616585.6505,0.587359913,0.569661624,0.606414338,0,Zhejiang,1
249,36124105.35,20216000,-15908105.35,-16975610.87,-14894659.5,0.559689291,0.543563442,0.575779558,0,zz Total,1
2,2814476.937,2732000,-82476.93709,-233264.4269,60796.78134,0.971097273,0.921334359,1.022760073,0.268,Anhui,2
10,1335827.956,694000,-641827.9557,-664391.7418,-621886.8653,0.519672716,0.510898278,0.527400963,0,Beijing,2
18,1859788.386,1553000,-306788.3863,-358965.2496,-258767.7038,0.83520047,0.81225326,0.857173906,0,Chongqing,2
26,1710223.384,1552000,-158223.3841,-213985.6033,-102580.332,0.907336442,0.878829362,0.938002239,0,Fujian,2
34,1375868.337,1191000,-184868.3373,-235143.3866,-136669.5195,0.865996405,0.835119394,0.897060588,0,Gansu,2
42,5405744.928,4206000,-1199744.928,-1303427.352,-1102036.334,0.778206943,0.763418725,0.792383423,0,Guangdong,2
50,2450368.371,2148000,-302368.3708,-363127.4668,-244111.716,0.876609716,0.855392659,0.897951375,0,Guangxi,2
58,2482319.541,2090000,-392319.5411,-519125.2411,-278828.8437,0.842720862,0.801034757,0.882292533,0,Guizhou,2
66,393532.3976,340000,-53532.39755,-66978.79353,-40817.75492,0.864334518,0.835424365,0.892815516,0,Hainan,2
74,3526238.632,2961000,-565238.6322,-869471.1029,-279129.9064,0.839631359,0.773011967,0.913852314,0,Hebei,2
82,1925811.538,843000,-1082811.538,-1124576.629,-1043463.726,0.437666823,0.428445829,0.446867856,0,Heilongjiang,2
90,5678853.967,4865000,-813853.9672,-959333.9613,-671919.3237,0.857332576,0.835288641,0.878647442,0,Henan,2
98,3478854.624,2215000,-1263854.624,-1400952.887,-1134621.413,0.637244914,0.612563291,0.661268762,0,Hubei,2
106,3994365.985,3488000,-506365.9853,-608358.739,-404858.9164,0.872901879,0.851487927,0.895999592,0,Hunan,2
114,1235196.836,908000,-327196.8358,-420483.8747,-242552.2531,0.735326577,0.683485904,0.789186234,0,Inner Mongolia,2
122,4176101.814,3736000,-440101.8142,-583944.8668,-304511.2934,0.894508417,0.864825857,0.924635455,0,Jiangsu,2
130,2273923.91,1962000,-311923.91,-360524.7003,-267687.5541,0.862773283,0.844770351,0.879943918,0,Jiangxi,2
138,1324766.683,869000,-455766.6835,-482374.5429,-431100.8965,0.656152264,0.643048966,0.66840967,0,Jilin,2
146,2329760.572,1773000,-556760.5719,-661857.3532,-445183.3507,0.760739994,0.728174082,0.799302727,0,Liaoning,2
154,379290.2769,339000,-40290.27685,-51980.45163,-28738.46308,0.893654609,0.867051023,0.921850813,0,Ningxia,2
162,336995.6654,314000,-22995.66535,-38221.10627,-7839.071819,0.931995072,0.891485475,0.975642891,0.002,Qinghai,2
170,2554840.774,2026000,-528840.7744,-618635.0953,-441200.3027,0.793556773,0.766079223,0.8211737,0,Shaanxi,2
178,5369726.813,4515000,-854726.8131,-1070244.69,-623264.426,0.840513902,0.808379983,0.878701372,0,Shandong,2
186,1640347.912,1267000,-373347.912,-433134.1845,-316984.4119,0.772662258,0.745235295,0.799881609,0,Shanghai,2
194,1656618.777,1333000,-323618.7774,-437280.2051,-215589.5249,0.805607739,0.752988144,0.860783301,0,Shanxi,2
202,4944337.133,4233000,-711337.1327,-806121.2546,-615445.459,0.856020029,0.840027418,0.873063343,0,Sichuan,2
210,566844.9166,424000,-142844.9166,-155183.1481,-129752.2947,0.747676381,0.732065498,0.765685315,0,Tianjin,2
218,81418.53443,73000,-8418.534427,-12413.36224,-4544.704605,0.897279974,0.854667212,0.941392458,0,Tibet,2
226,1408751.854,1439000,30248.14609,-40178.56661,98255.24098,1.021857821,0.972837246,1.073284098,0.42,Xinjiang,2
234,2981931.305,2610000,-371931.3048,-464941.1787,-270562.6452,0.874948174,0.848796727,0.906072987,0,Yunnan,2
242,3517888.265,2964000,-553888.265,-653887.2699,-457619.4656,0.842877664,0.819262674,0.86625647,0,Zhejiang,2
250,74742180.6,63465000,-11277180.6,-12787620.69,-9793163.042,0.849556042,0.832299263,0.866319839,0,zz Total,2
3,14567960.66,14160000,-407960.6551,-1146730.971,378517.8407,0.971476474,0.92508323,1.02746572,0.33,Anhui,3
11,6981291.615,5420000,-1561291.615,-1702402.22,-1434447.64,0.776402498,0.760979209,0.790727464,0,Beijing,3
19,9806878.929,8302000,-1504878.929,-1859981.427,-1159453.185,0.846236973,0.816966658,0.877455064,0,Chongqing,3
27,8425691.023,8023000,-402691.0227,-758383.4054,-61343.0705,0.95255454,0.913637366,0.992412114,0.018,Fujian,3
35,7359019.332,5771500,-1587519.332,-1943674.755,-1240814.814,0.784396139,0.748071196,0.823052041,0,Gansu,3
43,27197427.33,23261000,-3936427.329,-4508921.378,-3402155.549,0.855523172,0.837632908,0.872402367,0,Guangdong,3
51,12367720.28,11349000,-1018720.278,-1311106.422,-739665.2439,0.917599037,0.896437962,0.938813336,0,Guangxi,3
59,13127719.51,11159500,-1968219.506,-2677771.432,-1320580.894,0.850505036,0.80648127,0.894184912,0,Guizhou,3
67,2035116.697,1842000,-193116.6967,-295877.0678,-101769.8741,0.906504482,0.861602394,0.947643051,0,Hainan,3
75,18330967.31,14924000,-3406967.305,-4722261.266,-2092241.414,0.814592801,0.759635653,0.87704445,0,Hebei,3
83,9638860.634,6723000,-2915860.634,-3163813.737,-2665793.771,0.697328771,0.679996628,0.716066426,0,Heilongjiang,3
91,29984134.75,24961000,-5023134.747,-6013995.838,-4160249.737,0.833218157,0.805843566,0.857140413,0,Henan,3
99,17235848.22,14520000,-2715848.215,-3526414.226,-1923763.345,0.842426319,0.804592007,0.883009546,0,Hubei,3
107,20296627.63,17513000,-2783627.626,-3467192.106,-2070405.428,0.862479211,0.834739736,0.894277559,0,Hunan,3
115,6490609.519,4592500,-1898109.519,-2506733.459,-1334590.731,0.708466745,0.646900958,0.774832101,0,Inner Mongolia,3
123,21054367.26,19568500,-1485867.264,-2441768.032,-556302.7834,0.928753982,0.889062324,0.972357357,0,Jiangsu,3
131,11694822.7,10466000,-1228822.704,-1618600.237,-881380.1278,0.895240939,0.866060921,0.922327443,0,Jiangxi,3
139,6520689.568,5241500,-1279189.568,-1433177.442,-1125047.394,0.803782159,0.785281393,0.823287681,0,Jilin,3
147,11715561.89,9397000,-2318561.887,-2967801.347,-1646062.25,0.802699616,0.759979862,0.850941506,0,Liaoning,3
155,2017088.351,1692500,-324588.3513,-412999.1556,-238992.2023,0.838905932,0.80384739,0.87626551,0,Ningxia,3
163,1868801.242,1607500,-261301.2421,-366043.502,-165808.0984,0.860328374,0.814524737,0.906497864,0,Qinghai,3
171,13655141.92,10511000,-3144141.922,-3748723.811,-2601218.48,0.769956512,0.737111051,0.801618736,0,Shaanxi,3
179,28405334.21,24609500,-3795834.214,-4927997.441,-2617963.628,0.866735315,0.833161311,0.903848423,0,Shandong,3
187,8678265.267,6983000,-1695265.267,-2018768.637,-1405453.074,0.805055485,0.775736445,0.832453844,0,Shanghai,3
195,8763187.855,6537000,-2226187.855,-2969037.238,-1533570.761,0.745868424,0.687668287,0.80997994,0,Shanxi,3
203,26246015.67,22351500,-3894515.674,-4530929.421,-3294596.808,0.851504766,0.831453872,0.871536133,0,Sichuan,3
211,2858018.342,2530500,-327518.3416,-396555.5515,-259796.4959,0.885560684,0.864520661,0.906892871,0,Tianjin,3
219,446915.0147,417500,-29415.0147,-56140.33085,-4339.708147,0.934528023,0.881470549,0.989712429,0.014,Tibet,3
227,7167244.988,6410500,-756744.9884,-1121523.057,-394503.9811,0.894502838,0.851099366,0.942027373,0,Xinjiang,3
235,15985218.49,13433500,-2551718.488,-3156033.799,-1910280.219,0.840513639,0.809757535,0.875501331,0,Yunnan,3
243,18480579.16,16525500,-1955079.163,-2624088.994,-1280580.184,0.8945399,0.862968914,0.928081861,0,Zhejiang,3
251,385109840.5,330918500,-54191340.5,-64240044.65,-44615092.17,0.85975417,0.837432227,0.88119547,0,zz Total,3
4,1591922.047,1205000,-386922.047,-503194.6773,-270459.9342,0.756822133,0.705423109,0.816694717,0,Anhui,4
12,783972.8545,510000,-273972.8545,-294040.3245,-254607.1555,0.650752368,0.634296547,0.667009191,0,Beijing,4
20,1069362.935,861000,-208362.9345,-254666.1113,-164591.1159,0.806144454,0.771736292,0.839515858,0,Chongqing,4
28,939543.0881,784000,-155543.0881,-202034.8686,-108742.774,0.834685057,0.795103728,0.878192491,0,Fujian,4
36,808944.2812,577000,-231944.2812,-277981.3275,-188697.1732,0.713277201,0.67486854,0.753561617,0,Gansu,4
44,2996205.72,2412000,-584205.7199,-674813.0924,-499301.9082,0.804633473,0.781388418,0.828495318,0,Guangdong,4
52,1381172.575,1181000,-200172.5747,-251725.0426,-149830.185,0.854884552,0.824303314,0.887416003,0,Guangxi,4
60,1455581.327,1134000,-321581.3267,-418348.1832,-231982.2818,0.780547429,0.730506223,0.830171828,0,Guizhou,4
68,226325.5451,180000,-46325.54513,-60678.38279,-32454.80139,0.796016357,0.74788603,0.847239034,0,Hainan,4
76,2040403.979,1382000,-658403.9786,-858574.9842,-458225.4207,0.677235532,0.616805961,0.75099496,0,Hebei,4
84,1109868.587,661000,-448868.5873,-485540.4134,-414794.7291,0.595791188,0.576516968,0.614429485,0,Heilongjiang,4
92,3443550.956,2339000,-1104550.956,-1273961.85,-952539.1533,0.679948305,0.647391281,0.710609813,0,Henan,4
100,1927320.528,1553000,-374320.5277,-501320.4695,-258613.6507,0.806672386,0.755967828,0.857246799,0,Hubei,4
108,2286565.224,1627000,-659565.2237,-748357.5349,-568762.4262,0.710694199,0.684949519,0.740972703,0,Hunan,4
116,760229.0124,501000,-259229.0124,-342491.2469,-182514.7855,0.659777835,0.593959933,0.732976098,0,Inner Mongolia,4
124,2267841.401,1729000,-538841.4011,-671570.9414,-415974.976,0.761763446,0.720245327,0.80607001,0,Jiangsu,4
132,1339152.38,942000,-397152.3796,-449589.0842,-348793.9536,0.703704284,0.676923965,0.729783401,0,Jiangxi,4
140,755056.0397,318000,-437056.0397,-464227.049,-411868.6631,0.421482897,0.406531583,0.435694829,0,Jilin,4
148,1293303.619,794000,-499303.619,-585027.5682,-411230.3066,0.613419807,0.575768087,0.658795249,0,Liaoning,4
156,211941.1003,166000,-45941.10032,-56591.97295,-35501.89312,0.783551159,0.745759151,0.8238136,0,Ningxia,4
164,200231.5486,128000,-72231.54862,-88324.92985,-57014.37969,0.639441404,0.591702493,0.691838118,0,Qinghai,4
172,1513668.192,1158000,-355668.1923,-439783.1095,-279825.0511,0.765801998,0.724754188,0.805383103,0,Shaanxi,4
180,3055959.981,2224000,-831959.9812,-1023823.451,-625570.082,0.728331794,0.6847663,0.780468611,0,Shandong,4
188,970739.667,203000,-767739.667,-818094.8215,-719206.4771,0.209194609,0.198806218,0.22012424,0,Shanghai,4
196,1016047.182,634000,-382047.1823,-488874.3369,-284264.2556,0.624460945,0.564622399,0.69043307,0,Shanxi,4
204,2846641.881,2274000,-572641.8813,-662799.17,-480975.0048,0.799191977,0.774312402,0.825415837,0,Sichuan,4
212,314177.8339,268000,-46177.8339,-55588.49049,-36859.60589,0.852559955,0.828212399,0.879093179,0,Tianjin,4
220,46979.97428,41000,-5979.974278,-10040.98464,-1943.282333,0.873647315,0.803276115,0.954747717,0,Tibet,4
228,749382.1439,777000,27617.85609,-26745.72944,76973.68666,1.037026068,0.966723643,1.109958285,0.31,Xinjiang,4
236,1729429.034,1256000,-473429.0339,-542800.2639,-399192.2579,0.726657457,0.698243179,0.758824249,0,Yunnan,4
244,2000295.85,1661000,-339295.8504,-420806.5543,-262856.4288,0.83000943,0.797864722,0.863370042,0,Zhejiang,4
252,42669262.23,31476000,-11193262.23,-12513613.19,-9908110.103,0.738181468,0.715532549,0.760581777,0,zz Total,4
5,4616390.186,4365000,-251390.186,-583000.713,74422.56684,0.944546664,0.882174495,1.017345597,0.144,Anhui,5
13,2337619.953,1747000,-590619.9528,-642489.9822,-542290.0728,0.747291529,0.731118367,0.763118672,0,Beijing,5
21,3137376.472,2528000,-609376.4719,-758773.8087,-467514.9515,0.805725431,0.769143286,0.843928353,0,Chongqing,5
29,2739244,2674000,-65243.9996,-208245.21,74054.60902,0.976412553,0.927748964,1.02848314,0.332,Fujian,5
37,2345474.486,1544000,-801474.4862,-941261.4497,-661830.0204,0.658629598,0.621262609,0.699963308,0,Gansu,5
45,8985653.106,7607000,-1378653.106,-1596580.828,-1169359.855,0.846647303,0.826526125,0.866760267,0,Guangdong,5
53,4120588.893,3802000,-318588.8933,-435290.6358,-210098.7548,0.922891966,0.897271471,0.947633706,0,Guangxi,5
61,4399152.013,3410000,-989152.0131,-1310492.768,-706190.9475,0.775370009,0.72238221,0.828435814,0,Guizhou,5
69,668647.384,529000,-139647.384,-181344.8726,-103217.5621,0.792557966,0.744708691,0.836737292,0,Hainan,5
77,5831297.1,4609000,-1222297.1,-1778827.745,-660793.2364,0.790439146,0.72152856,0.874607369,0,Hebei,5
85,3041238.82,2325000,-716238.8197,-822167.9264,-610242.813,0.764316349,0.738759438,0.792098014,0,Heilongjiang,5
93,9745902.5,7319000,-2426902.5,-2810146.676,-2100645.64,0.751692528,0.722568271,0.776993136,0,Henan,5
101,5690470.066,4708000,-982470.0659,-1287904.785,-686031.1854,0.828018711,0.785202596,0.872816608,0,Hubei,5
109,6625847.279,5230000,-1395847.279,-1665688.238,-1117887.895,0.789671249,0.758444962,0.823896094,0,Hunan,5
117,2032300.929,1340000,-692300.9287,-939243.6969,-469183.1361,0.660227222,0.587914381,0.740665762,0,Inner Mongolia,5
125,6675868.825,6387000,-288868.8251,-594636.8053,1769.254268,0.955699446,0.914828454,1.000277087,0.054,Jiangsu,5
133,3856120.556,3186000,-670120.5556,-802222.9268,-549900.2054,0.82670626,0.798852035,0.852806506,0,Jiangxi,5
141,2051208.957,1606000,-445208.9573,-499137.6434,-390409.85,0.782866966,0.762895496,0.804444037,0,Jilin,5
149,3610079.331,3088000,-522079.3311,-780313.4203,-265041.0571,0.85654883,0.798280718,0.92095504,0,Liaoning,5
157,609001.2949,479000,-130001.2949,-161117.4548,-99958.93495,0.786653055,0.74830017,0.82734711,0,Ningxia,5
165,604078.6328,380000,-224078.6328,-257306.9717,-191865.1001,0.6294813,0.596259032,0.664492378,0,Qinghai,5
173,4377621.203,3405000,-972621.203,-1217659.71,-755090.1963,0.778271545,0.736588938,0.818491894,0,Shaanxi,5
181,8971381.229,7736000,-1235381.229,-1715863.404,-754462.4496,0.86220172,0.81846295,0.911140009,0,Shandong,5
189,2954035.198,2018000,-936035.1984,-1061110.883,-823306.0862,0.683639894,0.655384001,0.71023675,0,Shanghai,5
197,2862387.401,2015000,-847387.4012,-1167092.09,-544127.7998,0.704839726,0.633231212,0.787377668,0,Shanxi,5
205,8482536.384,6812000,-1670536.384,-1931095.122,-1424550.485,0.802921538,0.779129119,0.827045256,0,Sichuan,5
213,907468.1262,876000,-31468.12617,-63122.78683,-1833.90283,0.965580909,0.932785376,0.997910879,0.042,Tianjin,5
221,141716.5147,86000,-55716.51473,-64189.33166,-47749.79532,0.607825184,0.572610582,0.642991639,0,Tibet,5
229,2077528.298,1563000,-514528.2982,-652040.4869,-377691.186,0.752143172,0.705630445,0.80538316,0,Xinjiang,5
237,5394685.268,4159000,-1235685.268,-1480276.49,-961364.6695,0.770970747,0.737505979,0.812246838,0,Yunnan,5
245,6119587.936,5613000,-506587.9361,-795623.0419,-229050.9719,0.918117137,0.875851172,0.960792715,0,Zhejiang,5
253,124419214.9,103150000,-21269214.9,-25089003.97,-17393440.61,0.830074521,0.804357466,0.855708118,0,zz Total,5
6,1479590.888,1590000,110409.1121,-53375.6233,262023.063,1.07568896,0.967520741,1.197310085,0.19,Anhui,6
14,730305.9844,472000,-258305.9844,-294831.8637,-225837.1098,0.646956864,0.615519545,0.67637561,0,Beijing,6
22,1079197.008,886000,-193197.0082,-263627.0436,-126413.704,0.821973123,0.770684892,0.87513632,0,Chongqing,6
30,839886.5244,690000,-149886.5244,-216985.8823,-89323.65182,0.822199685,0.760761572,0.885383112,0,Fujian,6
38,881295.1032,704000,-177295.1032,-228049.1961,-128155.6395,0.799330063,0.755324937,0.845995594,0,Gansu,6
46,2722425.674,2132000,-590425.6743,-688467.2682,-494603.6544,0.783293783,0.755903118,0.811694606,0,Guangdong,6
54,1296054.477,1258000,-38054.47657,-79514.50384,3241.051473,0.970564304,0.940550551,1.002583009,0.066,Guangxi,6
62,1442729.772,1194000,-248729.772,-338970.9688,-162078.5746,0.828010322,0.778879727,0.88047998,0,Guizhou,6
70,213582.6039,174000,-39582.60386,-55543.24698,-25124.88878,0.81613504,0.758027197,0.873823464,0,Hainan,6
78,2021834.384,1656000,-365834.3843,-546004.3556,-204002.6265,0.819790001,0.752042112,0.890321344,0,Hebei,6
86,1016153.666,830000,-186153.6655,-228543.8872,-140446.8181,0.815857456,0.784095976,0.855276159,0,Heilongjiang,6
94,3391568.543,2904000,-487568.5429,-654967.4693,-336737.711,0.856088658,0.81596706,0.896092267,0,Henan,6
102,1796831.963,1552000,-244831.963,-359001.2965,-130807.8594,0.865174665,0.812139701,0.922268151,0,Hubei,6
110,2134978.073,1808000,-326978.0731,-476946.2293,-178313.8497,0.846693096,0.791265891,0.910228828,0,Hunan,6
118,692751.7125,492000,-200751.7125,-319861.6196,-98305.54493,0.715734239,0.606014644,0.833466676,0,Inner Mongolia,6
126,2231968.804,1916000,-315968.8037,-447442.6741,-187025.7809,0.858872021,0.810681832,0.911068244,0,Jiangsu,6
134,1279290.948,1166000,-113290.9481,-185849.789,-39074.63684,0.911227615,0.862521865,0.967574924,0,Jiangxi,6
142,651748.4398,554000,-97748.43978,-132712.9077,-65632.13716,0.850961442,0.80674179,0.894078871,0,Jilin,6
150,1156758.982,974000,-182758.9819,-290510.2492,-76737.78505,0.84266939,0.770258687,0.926967731,0,Liaoning,6
158,217428.5009,192000,-25428.50088,-37792.15238,-13623.37589,0.883064735,0.835537672,0.933745979,0,Ningxia,6
166,214511.1253,150000,-64511.12526,-80924.66887,-49263.13337,0.698374365,0.649562491,0.752773472,0,Qinghai,6
174,1496674.255,1124000,-372674.2545,-487393.9087,-268374.5465,0.751025976,0.697532735,0.80725406,0,Shaanxi,6
182,3113503.4,2576000,-537503.4003,-728265.8209,-343983.6502,0.828349638,0.779598297,0.882196721,0,Shandong,6
190,899761.4771,510000,-389761.4771,-461310.3187,-326770.5694,0.567760278,0.525063929,0.609486069,0,Shanghai,6
198,950374.1392,616000,-334374.1392,-497093.1459,-197926.61,0.65094473,0.553412985,0.756824993,0,Shanxi,6
206,2872605.912,2552000,-320605.9119,-430263.1276,-214336.1437,0.888645771,0.855725969,0.922519849,0,Sichuan,6
214,292692.6824,258000,-34692.68238,-45602.35248,-23297.45148,0.882257815,0.849795807,0.91717859,0,Tianjin,6
222,48322.51445,36000,-12322.51445,-15981.30378,-9052.656946,0.746285204,0.6925567,0.799064985,0,Tibet,6
230,756772.9339,842000,85227.06612,34282.76686,136379.7265,1.11244941,1.042444051,1.193276372,0.002,Xinjiang,6
238,1741877.225,1282000,-459877.2251,-592853.251,-334553.4098,0.73575419,0.683786851,0.793045252,0,Yunnan,6
246,1915225.88,1500000,-415225.8798,-532784.1812,-301955.1857,0.783474087,0.737904225,0.832429144,0,Zhejiang,6
254,40553286.08,34594000,-5959286.076,-7688938.664,-4223570.594,0.853417211,0.818155061,0.891194366,0,zz Total,6
7,12608137.76,12779500,171362.2384,-874176.93,1234085.711,1.012431172,0.935974984,1.106889731,0.764,Anhui,7
15,6298910.905,5587000,-711910.9051,-896381.8042,-552965.593,0.886983713,0.861741631,0.909939952,0,Beijing,7
23,8524951.071,7567000,-957951.0705,-1425772.12,-516575.9922,0.887947514,0.84145355,0.936095612,0,Chongqing,7
31,6920612.997,7489500,568887.0027,116159.6439,992608.2297,1.082927902,1.015754006,1.15278205,0.018,Fujian,7
39,6707655.844,6068000,-639655.8445,-1123756.868,-175600.545,0.904757048,0.843743766,0.971875128,0.002,Gansu,7
47,22970951.16,21397500,-1573451.16,-2368135.692,-811269.5132,0.931945157,0.900354625,0.963470758,0,Guangdong,7
55,10787470.11,10684500,-102970.106,-505651.381,268031.2998,0.990413395,0.954812829,1.025731495,0.612,Guangxi,7
63,12074817.16,10070500,-2004317.162,-2980657.141,-1113770.927,0.834031923,0.771617428,0.900416344,0,Guizhou,7
71,1822136.598,1663500,-158636.5976,-296770.5287,-34579.93752,0.914798266,0.848607365,0.979635862,0.016,Hainan,7
79,16094513.01,14211000,-1883513.011,-3724091.969,-120569.9608,0.883751191,0.792357247,0.991587107,0.042,Hebei,7
87,8539627.771,7837000,-702627.7714,-1037238.09,-356600.5162,0.916999094,0.883118068,0.956478168,0,Heilongjiang,7
95,27568723.3,23623000,-3945723.296,-5404387.255,-2676310.446,0.857900542,0.813817648,0.898236478,0,Henan,7
103,15159430.86,13981500,-1177930.865,-2339347.886,-64435.92023,0.922096687,0.856665053,0.995412487,0.038,Hubei,7
111,17927092.58,14351000,-3576092.583,-4443458.641,-2679304.226,0.800229298,0.763576132,0.842674318,0,Hunan,7
119,6024903.176,4666500,-1358403.176,-2150955.017,-622907.3842,0.775131054,0.684493297,0.882234963,0,Inner Mongolia,7
127,17171196.46,18024500,853303.538,-403038.4764,2067446.834,1.047985353,0.97812847,1.129563198,0.168,Jiangsu,7
135,10701293.53,9302500,-1398793.531,-1914958.38,-931368.1775,0.869690609,0.829287684,0.908991596,0,Jiangxi,7
143,5625519.143,5159000,-466519.1428,-659274.8015,-270414.4314,0.917322169,0.886688955,0.95019455,0,Jilin,7
151,9669779.11,9344000,-325779.1096,-1132745.819,462671.3212,0.967623897,0.891880096,1.052094895,0.436,Liaoning,7
159,1676303.402,1640000,-36303.40152,-157062.6998,85225.47876,0.977960636,0.912600334,1.054815335,0.578,Ningxia,7
167,1683733.676,1379500,-304233.6758,-450471.7303,-176544.7832,0.819769012,0.753836905,0.886542613,0,Qinghai,7
175,12279282.37,10657000,-1622282.37,-2450686.057,-940643.383,0.868043448,0.813034426,0.918893581,0,Shaanxi,7
183,24379190.04,24039000,-340190.0444,-1950179.404,1209445.964,0.985942926,0.924961871,1.052977263,0.68,Shandong,7
191,8006542.856,6646000,-1360542.856,-1810785.842,-967480.3364,0.830553652,0.785877804,0.872925364,0,Shanghai,7
199,8302620.151,6171000,-2131620.151,-3264376.65,-1108584.221,0.744740014,0.65402795,0.847713283,0,Shanxi,7
207,23177168.91,21146000,-2031168.907,-2922099.45,-1205314.509,0.912939004,0.878590359,0.946074111,0,Sichuan,7
215,2370297.014,2780000,409702.9863,322211.9416,493935.3087,1.173236719,1.131098372,1.216063593,0,Tianjin,7
223,385878,345500,-40378.00001,-76792.63362,-7474.062145,0.896215508,0.818153062,0.97882547,0.012,Tibet,7
231,5579410.693,7867500,2288089.307,1835069.696,2711699.349,1.411076635,1.304200735,1.525951525,0,Xinjiang,7
239,14608450.07,11716000,-2892450.069,-3673339.904,-2073067.143,0.802247103,0.761306208,0.849658638,0,Yunnan,7
247,16049814.48,15487000,-562814.4774,-1406035.717,280985.398,0.965919992,0.916768323,1.018478572,0.166,Zhejiang,7
255,335878176.6,313869500,-22008676.55,-35254815.54,-9908921.945,0.935349088,0.899019307,0.969395993,0.002,zz Total,7
8,39808624.09,38413500,-1395124.086,-3880753.853,1188418.453,0.96378574,0.908243949,1.03192521,0.292,Anhui,8
16,19353205.15,14865000,-4488205.146,-4951570.442,-4083967.043,0.768101308,0.750129799,0.784475479,0,Beijing,8
24,26737278.4,22637000,-4100278.404,-5232499.727,-3006256.905,0.846439087,0.812249966,0.882766182,0,Chongqing,8
32,22704870.71,22144500,-560370.7075,-1662601.683,515696.1792,0.975822521,0.93016363,1.023843037,0.306,Fujian,8
40,20375800.26,16644500,-3731300.263,-4883402.945,-2650127.256,0.81709874,0.773159379,0.862649471,0,Gansu,8
48,73987013.2,63461500,-10525513.2,-12388577.66,-8751841.26,0.857922811,0.836670205,0.878805757,0,Guangdong,8
56,34022710.76,31703500,-2319210.764,-3281004.334,-1397975.12,0.931792978,0.906215503,0.957766986,0,Guangxi,8
64,36813426.7,30413000,-6400426.7,-8762492.451,-4262448.926,0.826068133,0.7763272,0.877075888,0,Guizhou,8
72,5726548.134,4921500,-805048.1343,-1134829.771,-501988.6726,0.861054541,0.812620897,0.907441741,0,Hainan,8
80,50172525.65,41574000,-8598525.651,-13022696.5,-4293860.348,0.828965571,0.761474651,0.906386354,0,Hebei,8
88,26185898.13,19963000,-6222898.133,-7008180.22,-5417879.847,0.762353369,0.740160422,0.786536958,0,Heilongjiang,8
96,83528598.67,68876000,-14652598.67,-17946028.95,-11861371.17,0.825603018,0.793300974,0.853086979,0,Henan,8
104,47575161.05,39786500,-7788661.054,-10509208.44,-5195872.446,0.835975537,0.791051588,0.884490925,0,Hubei,8
112,55725477.59,45990000,-9735477.586,-11875526.95,-7483646.951,0.825010209,0.794773718,0.860049812,0,Hunan,8
120,18120072.83,13029000,-5091072.829,-7013093.038,-3257891.816,0.72004969,0.650081898,0.799968475,0,Inner Mongolia,8
128,56617548.7,53541000,-3076548.704,-6034097.269,-175564.0766,0.944440103,0.898714492,0.996731674,0.038,Jiangsu,8
136,32723344.63,28169500,-4553844.625,-5812875.181,-3420069.857,0.860970795,0.828944412,0.891734207,0,Jiangxi,8
144,17623698.15,14353500,-3270198.152,-3744548.226,-2782582.22,0.814626794,0.793096572,0.83761853,0,Jilin,8
152,31184917.3,26460000,-4724917.304,-6706248.685,-2672947.018,0.849610094,0.797799038,0.908250033,0,Liaoning,8
160,5435106.458,4705500,-729606.4583,-999743.8188,-460694.0938,0.865352936,0.824767558,0.910825245,0,Ningxia,8
168,5166512.042,4168000,-998512.0422,-1338349.843,-697868.6625,0.806945907,0.756944283,0.856578818,0,Qinghai,8
176,37750679.64,30083000,-7667679.637,-9648101.311,-5982480.32,0.797496289,0.757165018,0.834121707,0,Shaanxi,8
184,77097969.23,68518500,-8579469.233,-12369994.21,-4708889.937,0.888706498,0.847073508,0.935694965,0,Shandong,8
192,24257282.33,18254000,-6003282.329,-7126437.417,-5044298.304,0.752886673,0.719215345,0.783490715,0,Shanghai,8
200,24672218.82,18044000,-6628218.819,-9227703.713,-4261816.9,0.732476401,0.661638169,0.808937011,0,Shanxi,8
208,72178623.3,62022500,-10156123.3,-12261078.51,-8193558.895,0.859680184,0.834942278,0.883309339,0,Sichuan,8
216,7662570.493,7374500,-288070.4934,-510753.5607,-77184.66962,0.962726836,0.935226743,0.989642014,0.016,Tianjin,8
224,1212589.228,1048000,-164589.2279,-248370.4924,-86496.64488,0.864709902,0.808410912,0.923757698,0,Tibet,8
232,18916496.04,19719000,802503.9616,-356142.056,1919726.675,1.042902478,0.982259553,1.107854233,0.164,Xinjiang,8
240,44423220.34,36103500,-8319720.342,-10255253.04,-6255666.717,0.812995045,0.778784972,0.852318466,0,Yunnan,8
248,51062701.68,45438500,-5624201.68,-7764904.712,-3475021.412,0.890277889,0.854052488,0.928955814,0,Zhejiang,8
256,1054820604,913933000,-140887603.8,-173476287.8,-111019737.2,0.867185855,0.840468267,0.891683067,0,zz Total,8